age_group,dataset_name,model_type,model_auc,variable_name,rank_in_model,importance,importance_percent,is_critical,is_cesd,variable_type,direction,base_variable,friendly_description,options,section,original_description,data_source,validation_note
0-3岁婴幼儿期,under_3_proxy,XGBoost,0.8683516483516484,WB203_abnormal,1,0.2910930812358856,29.11,False,False,异常指示器,keep,WB203,变量: WB203 - 异常值,"0=否, 1=是",,,特征工程衍生,
0-3岁婴幼儿期,under_3_proxy,XGBoost,0.8683516483516484,AGE,2,0.14922091364860535,14.92,True,False,基础变量,special,AGE,年龄,0–120,G 部分：亲子互动,年龄,原始数据,
0-3岁婴幼儿期,under_3_proxy,XGBoost,0.8683516483516484,WB202_abnormal,3,0.04924195632338524,4.92,False,False,异常指示器,keep,WB202,变量: WB202 - 异常值,"0=否, 1=是",,,特征工程衍生,
0-3岁婴幼儿期,under_3_proxy,XGBoost,0.8683516483516484,WB9_abnormal,4,0.03720583766698837,3.72,False,False,异常指示器,keep,WB9,变量: WB9 - 异常值,"0=否, 1=是",,,特征工程衍生,
0-3岁婴幼儿期,under_3_proxy,XGBoost,0.8683516483516484,WA105A,5,0.034880381077528,3.49,False,False,其他变量,reverse,WA105A,现在是否吃母乳,1.是 5.否（反向编码：1=高风险）,B 部分：日常生活,现在是否吃母乳,原始数据,
0-3岁婴幼儿期,under_3_proxy,XGBoost,0.8683516483516484,WC4N,6,0.034689802676439285,3.47,False,False,其他变量,keep,WC4N,过去12个月因病就医次数,1–150次,C 部分：健康,过去12个月因病就医次数,原始数据,
0-3岁婴幼儿期,under_3_proxy,XGBoost,0.8683516483516484,WB6,7,0.03274478018283844,3.27,True,False,其他变量,reverse,WB6,能否说完整句子,1.是 5.否（反向编码：1=高风险）,B 部分：日常生活,能否说完整句子,原始数据,
0-3岁婴幼儿期,under_3_proxy,XGBoost,0.8683516483516484,WB7,8,0.03183155506849289,3.18,True,False,其他变量,reverse,WB7,能否数1-10,1.是 5.否（反向编码：1=高风险）,B 部分：日常生活,能否数1-10,原始数据,
0-3岁婴幼儿期,under_3_proxy,XGBoost,0.8683516483516484,sleep_normal,9,0.028873948380351067,2.89,True,False,睡眠衍生变量 (来源:WF309A/WF310A),keep,睡眠时长(WF309A/WF310A),睡眠时长是否正常 (基于WF309A/WF310A计算),"0=否, 1=是",,,特征工程衍生,
0-3岁婴幼儿期,under_3_proxy,XGBoost,0.8683516483516484,WB5,10,0.025687703862786293,2.57,True,False,其他变量,reverse,WB5,是否已能走路,1.是 5.否（反向编码：1=高风险）,B 部分：日常生活,是否已能走路,原始数据,
0-3岁婴幼儿期,under_3_proxy,XGBoost,0.8683516483516484,WB501_abnormal,11,0.025678712874650955,2.57,False,False,异常指示器,keep,WB501,变量: WB501 - 异常值,"0=否, 1=是",,,特征工程衍生,
0-3岁婴幼儿期,under_3_proxy,XGBoost,0.8683516483516484,WA104_abnormal,12,0.02458471804857254,2.46,False,False,异常指示器,keep,WA104,变量: WA104 - 异常值,"0=否, 1=是",,,特征工程衍生,
0-3岁婴幼儿期,under_3_proxy,XGBoost,0.8683516483516484,WA105B,13,0.023991266265511513,2.4,False,False,其他变量,reverse,WA105B,吃母乳月数（月）,0.0–72.0月（反向编码：1=高风险）,B 部分：日常生活,吃母乳月数（月）,原始数据,
0-3岁婴幼儿期,under_3_proxy,XGBoost,0.8683516483516484,WA301_cat_7,14,0.023145955055952072,2.31,False,False,分类哑变量,keep,WA301,变量: WA301 - 居民户口,"0=否, 1=是",,,特征工程衍生,
0-3岁婴幼儿期,under_3_proxy,XGBoost,0.8683516483516484,WC3N,15,0.022465145215392113,2.25,False,False,其他变量,keep,WC3N,生病如何处理,1.立刻找医生看病 2.自己找药/买药 3.民间方法治疗 4.去求神拜佛或做法事 5.不采取任何措施 77.其他（请注明）,C 部分：健康,生病如何处理,原始数据,
0-3岁婴幼儿期,under_3_proxy,XGBoost,0.8683516483516484,WB8,16,0.021885430440306664,2.19,True,False,其他变量,reverse,WB8,能否独立小便,1.是 5.否（反向编码：1=高风险）,B 部分：日常生活,能否独立小便,原始数据,
0-3岁婴幼儿期,under_3_proxy,XGBoost,0.8683516483516484,WA102_abnormal,17,0.020932592451572418,2.09,False,False,异常指示器,keep,WA102,变量: WA102 - 异常值,"0=否, 1=是",,,特征工程衍生,
0-3岁婴幼儿期,under_3_proxy,XGBoost,0.8683516483516484,WC0,18,0.020653316751122475,2.07,True,False,其他变量,keep,WC0,过去一月是否生病,1.是 5.否,C 部分：健康,过去一月是否生病,原始数据,
0-3岁婴幼儿期,under_3_proxy,XGBoost,0.8683516483516484,is_male,19,0.01926121488213539,1.93,True,False,基础变量,keep,is_male,是否为男性,请根据实际情况输入,,,特征工程衍生,⚠️ 警告：is_male在原始数据中不存在，为特征工程衍生变量
0-3岁婴幼儿期,under_3_proxy,XGBoost,0.8683516483516484,WA301_cat_3,20,0.019217485561966896,1.92,False,False,分类哑变量,keep,WA301,变量: WA301 - 非农户口,"0=否, 1=是",,,特征工程衍生,
0-3岁婴幼儿期,under_3_proxy,XGBoost,0.8683516483516484,WA101_abnormal,21,0.015891648828983307,1.59,False,False,异常指示器,keep,WA101,变量: WA101 - 异常值,"0=否, 1=是",,,特征工程衍生,
0-3岁婴幼儿期,under_3_proxy,XGBoost,0.8683516483516484,WA301_cat_1,22,0.013433054089546204,1.34,False,False,分类哑变量,keep,WA301,变量: WA301 - 农业户口,"0=否, 1=是",,,特征工程衍生,
0-3岁婴幼儿期,under_3_proxy,XGBoost,0.8683516483516484,WC4_1,23,0.0122958580031991,1.23,False,False,其他变量,keep,WC4_1,过去12个月是否因病就医,1.是 5.否,C 部分：健康,过去12个月是否因病就医,原始数据,
0-3岁婴幼儿期,under_3_proxy,XGBoost,0.8683516483516484,sleep_abnormal,24,0.01071176677942276,1.07,True,False,睡眠衍生变量 (来源:WF309A/WF310A),keep,sleep,睡眠时长是否异常 (基于WF309A/WF310A计算),"0=否, 1=是",,,特征工程衍生,
0-3岁婴幼儿期,under_3_proxy,XGBoost,0.8683516483516484,WA103_abnormal,25,0.010381881147623062,1.04,False,False,异常指示器,keep,WA103,变量: WA103 - 异常值,"0=否, 1=是",,,特征工程衍生,
0-3岁婴幼儿期,under_3_proxy,XGBoost,0.8683516483516484,WA106,26,0.0,0.0,False,False,其他变量,keep,WA106,孩子在哪出生,1.医院 5.家里 77.其他场所（请注明）,A 部分：基本情况,孩子在哪出生,原始数据,
13-17岁青少年期,age_13_17_self,XGBoost,0.9872742200328407,QN420,1,0.41143670678138733,41.14,True,True,CES-D抑郁症状,keep,QN420,我觉得生活无法继续,1.几乎没有（不到一天） 2.有些时候（1-2天） 3.经常有（3-4天） 4.大多数时候有（5-7天）,Q 部分：行为与精神状态,我觉得生活无法继续,原始数据,
13-17岁青少年期,age_13_17_self,XGBoost,0.9872742200328407,QN406,2,0.1117890477180481,11.18,True,True,CES-D抑郁症状,keep,QN406,我感到情绪低落,1.几乎没有（不到一天） 2.有些时候（1-2天） 3.经常有（3-4天） 4.大多数时候有（5-7天）,Q 部分：行为与精神状态,我感到情绪低落,原始数据,
13-17岁青少年期,age_13_17_self,XGBoost,0.9872742200328407,QN418,3,0.09341854602098465,9.34,True,True,CES-D抑郁症状,keep,QN418,我感到悲伤难过,1.几乎没有（不到一天） 2.有些时候（1-2天） 3.经常有（3-4天） 4.大多数时候有（5-7天）,Q 部分：行为与精神状态,我感到悲伤难过,原始数据,
13-17岁青少年期,age_13_17_self,XGBoost,0.9872742200328407,QN411,4,0.051393941044807434,5.14,True,True,CES-D抑郁症状,keep,QN411,我的睡眠不好,1.几乎没有（不到一天） 2.有些时候（1-2天） 3.经常有（3-4天） 4.大多数时候有（5-7天）,Q 部分：行为与精神状态,我的睡眠不好,原始数据,
13-17岁青少年期,age_13_17_self,XGBoost,0.9872742200328407,QN414,5,0.04100872576236725,4.1,True,True,CES-D抑郁症状,keep,QN414,我感到孤独,1.几乎没有（不到一天） 2.有些时候（1-2天） 3.经常有（3-4天） 4.大多数时候有（5-7天）,Q 部分：行为与精神状态,我感到孤独,原始数据,
13-17岁青少年期,age_13_17_self,XGBoost,0.9872742200328407,QN412,6,0.0340876504778862,3.41,True,True,CES-D抑郁症状,reverse,QN412,我感到愉快,1.几乎没有（不到一天） 2.有些时候（1-2天） 3.经常有（3-4天） 4.大多数时候有（5-7天）（反向编码：1=高风险）,Q 部分：行为与精神状态,我感到愉快,原始数据,
13-17岁青少年期,age_13_17_self,XGBoost,0.9872742200328407,QN416,7,0.03248899057507515,3.25,True,True,CES-D抑郁症状,reverse,QN416,我生活快乐,1.几乎没有（不到一天） 2.有些时候（1-2天） 3.经常有（3-4天） 4.大多数时候有（5-7天）（反向编码：1=高风险）,Q 部分：行为与精神状态,我生活快乐,原始数据,
13-17岁青少年期,age_13_17_self,XGBoost,0.9872742200328407,QQ401,8,0.019042272120714188,1.9,False,False,健康相关,reverse,QQ401,是否有午睡习惯,1.有 5.没有（反向编码：1=高风险）,Q 部分：行为与精神状态,是否有午睡习惯,原始数据,
13-17岁青少年期,age_13_17_self,XGBoost,0.9872742200328407,QN407,9,0.014973342418670654,1.5,True,True,CES-D抑郁症状,keep,QN407,我觉得做任何事都很费劲,1.几乎没有（不到一天） 2.有些时候（1-2天） 3.经常有（3-4天） 4.大多数时候有（5-7天）,Q 部分：行为与精神状态,我觉得做任何事都很费劲,原始数据,
13-17岁青少年期,age_13_17_self,XGBoost,0.9872742200328407,QP201,10,0.014857547357678413,1.49,False,False,健康相关,keep,QP201,健康状况,1.非常健康 2.很健康 3.比较健康 4.一般 5.不健康,P 部分：健康,健康状况,原始数据,
13-17岁青少年期,age_13_17_self,XGBoost,0.9872742200328407,QEXT002,11,0.012730787508189678,1.27,False,False,心理症状,reverse,QEXT002,我经常和同龄人吵架,同QS601N（反向编码：1=高风险）,C部分：教育,我经常和同龄人吵架,原始数据,
13-17岁青少年期,age_13_17_self,XGBoost,0.9872742200328407,QU91,12,0.011611255817115307,1.16,False,False,其他变量,keep,QU91,是否玩网络游戏,1=是；5=否,U部分：网络模块,是否玩网络游戏,原始数据,
13-17岁青少年期,age_13_17_self,XGBoost,0.9872742200328407,KR4302,13,0.01025240495800972,1.03,False,False,其他变量,keep,KR4302,是否曾旷课,1=是；5=否,C部分：教育,是否曾旷课,原始数据,
13-17岁青少年期,age_13_17_self,XGBoost,0.9872742200328407,QN12012,14,0.010142761282622814,1.01,True,False,其他变量,reverse,QN12012,对自己生活满意度,1–5分（1=很不满意，5=非常满意）（反向编码：1=高风险）,M 部分：主观态度,对自己生活满意度,原始数据,
13-17岁青少年期,age_13_17_self,XGBoost,0.9872742200328407,QINT014,15,0.008364404551684856,0.84,False,False,心理症状,reverse,QINT014,在学校犯错误的时候我感到羞愧,同QS601N（反向编码：1=高风险）,C部分：教育,在学校犯错误的时候我感到羞愧,原始数据,
13-17岁青少年期,age_13_17_self,XGBoost,0.9872742200328407,QINT005,16,0.008271622471511364,0.83,False,False,心理症状,reverse,QINT005,我经常感到寂寞,同QS601N（反向编码：1=高风险）,C部分：教育,我经常感到寂寞,原始数据,
13-17岁青少年期,age_13_17_self,XGBoost,0.9872742200328407,QINT007,17,0.008180264383554459,0.82,False,False,心理症状,reverse,QINT007,我经常觉得悲伤难受,同QS601N（反向编码：1=高风险）,C部分：教育,我经常觉得悲伤难受,原始数据,
13-17岁青少年期,age_13_17_self,XGBoost,0.9872742200328407,QS703,18,0.008146245963871479,0.81,False,False,其他变量,keep,QS703,对语文老师满意度,同QS501,C部分：教育,对语文老师满意度,原始数据,
13-17岁青少年期,age_13_17_self,XGBoost,0.9872742200328407,QS502,19,0.008046318776905537,0.8,False,False,其他变量,reverse,QS502,学习压力,1=非常大；2=比较大；3=一般；4=不太大；5=没有压力（反向编码：1=高风险）,C部分：教育,学习压力,原始数据,
13-17岁青少年期,age_13_17_self,XGBoost,0.9872742200328407,QM2011,20,0.007746619172394276,0.77,False,False,其他变量,reverse,QM2011,人缘关系评分,0–10分（0=最低，10=最高）（反向编码：1=高风险）,M 部分：主观态度,人缘关系评分,原始数据,
13-17岁青少年期,age_13_17_self,XGBoost,0.9872742200328407,QM2016,21,0.007408554200083017,0.74,True,False,其他变量,reverse,QM2016,幸福感评分,0–10分（0=最低，10=最高）（反向编码：1=高风险）,M 部分：主观态度,幸福感评分,原始数据,
13-17岁青少年期,age_13_17_self,XGBoost,0.9872742200328407,QP202,22,0.007150724995881319,0.72,False,False,健康相关,keep,QP202,健康变化情况,1.更好 3.没有变化 5.更差,P 部分：健康,健康变化情况,原始数据,
13-17岁青少年期,age_13_17_self,XGBoost,0.9872742200328407,AGE,23,0.007117599714547396,0.71,True,False,基础变量,special,AGE,年龄,0–120,G 部分：亲子互动,年龄,原始数据,
13-17岁青少年期,age_13_17_self,XGBoost,0.9872742200328407,QEXT006,24,0.006800720002502203,0.68,False,False,心理症状,reverse,QEXT006,我很容易分心,同QS601N（反向编码：1=高风险）,C部分：教育,我很容易分心,原始数据,
13-17岁青少年期,age_13_17_self,XGBoost,0.9872742200328407,QS705,25,0.006200928706675768,0.62,False,False,其他变量,keep,QS705,对外语老师满意度,同QS501,C部分：教育,对外语老师满意度,原始数据,
13-17岁青少年期,age_13_17_self,XGBoost,0.9872742200328407,QS702,26,0.006179426331073046,0.62,False,False,其他变量,keep,QS702,对班主任满意度,同QS501,C部分：教育,对班主任满意度,原始数据,
13-17岁青少年期,age_13_17_self,XGBoost,0.9872742200328407,QP702N_abnormal,27,0.006155712530016899,0.62,False,False,健康相关,keep,QP702N,变量: QP702N - 异常值,"0=否, 1=是",,,特征工程衍生,
13-17岁青少年期,age_13_17_self,XGBoost,0.9872742200328407,QEXT008,28,0.0056507401168346405,0.57,False,False,心理症状,reverse,QEXT008,我很难完成学校的作业,同QS601N（反向编码：1=高风险）,C部分：教育,我很难完成学校的作业,原始数据,
13-17岁青少年期,age_13_17_self,XGBoost,0.9872742200328407,is_male,29,0.0054450854659080505,0.54,True,False,基础变量,keep,is_male,是否为男性,请根据实际情况输入,,,特征工程衍生,⚠️ 警告：is_male在原始数据中不存在，为特征工程衍生变量
13-17岁青少年期,age_13_17_self,XGBoost,0.9872742200328407,QS701,30,0.005170837976038456,0.52,False,False,其他变量,keep,QS701,对学校满意度,同QS501,C部分：教育,对学校满意度,原始数据,
13-17岁青少年期,age_13_17_self,XGBoost,0.9872742200328407,QM3N,31,0.004787069279700518,0.48,True,False,其他变量,reverse,QM3N,生活意义评分,0–10分（0=非常没有意义，10=非常有意义）（反向编码：1=高风险）,M 部分：主观态度,生活意义评分,原始数据,
13-17岁青少年期,age_13_17_self,XGBoost,0.9872742200328407,QINT011,32,0.004624021705240011,0.46,False,False,心理症状,reverse,QINT011,我担心在学校没有玩伴,同QS601N（反向编码：1=高风险）,C部分：教育,我担心在学校没有玩伴,原始数据,
13-17岁青少年期,age_13_17_self,XGBoost,0.9872742200328407,QEXT012,33,0.003935064654797316,0.39,False,False,心理症状,reverse,QEXT012,我因为多嘴打扰到别人而惹麻烦,同QS601N（反向编码：1=高风险）,C部分：教育,我因为多嘴打扰到别人而惹麻烦,原始数据,
13-17岁青少年期,age_13_17_self,XGBoost,0.9872742200328407,QINT010,34,0.0028111073188483715,0.28,False,False,心理症状,reverse,QINT010,我担心做不完作业,同QS601N（反向编码：1=高风险）,C部分：教育,我担心做不完作业,原始数据,
13-17岁青少年期,age_13_17_self,XGBoost,0.9872742200328407,QU201,35,0.0016898871399462223,0.17,False,False,其他变量,reverse,QU201,是否移动设备上网,1=是；5=否（反向编码：1=高风险）,U部分：网络模块,是否移动设备上网,原始数据,
13-17岁青少年期,age_13_17_self,XGBoost,0.9872742200328407,KR4301,36,0.0008830834412947297,0.09,False,False,其他变量,keep,KR4301,是否曾请假,1=是；5=否,C部分：教育,是否曾请假,原始数据,
13-17岁青少年期,age_13_17_self,XGBoost,0.9872742200328407,QINT003,37,0.0,0.0,False,False,心理症状,reverse,QINT003,我害怕考试,同QS601N（反向编码：1=高风险）,C部分：教育,我害怕考试,原始数据,
13-17岁青少年期,age_13_17_self,XGBoost,0.9872742200328407,QQ301,38,0.0,0.0,False,False,健康相关,keep,QQ301,过去一月每周喝酒过3次吗,1.是 5.否,Q 部分：行为与精神状态,过去一月每周喝酒过3次吗,原始数据,
13-17岁青少年期,age_13_17_self,XGBoost,0.9872742200328407,QU202,39,0.0,0.0,False,False,其他变量,reverse,QU202,是否电脑上网,1=是；5=否（反向编码：1=高风险）,U部分：网络模块,是否电脑上网,原始数据,
13-17岁青少年期,age_13_17_self,XGBoost,0.9872742200328407,QU5,40,0.0,0.0,False,False,其他变量,reverse,QU5,是否在网上学习,1.是 5.否（反向编码：1=高风险）,U部分：网络模块,是否在网上学习,原始数据,
18-25岁青年期,age_18_25_self,LightGBM,0.9979166666666667,QN414,1,235.0,23500.0,True,True,CES-D抑郁症状,keep,QN414,我感到孤独,1.几乎没有（不到一天） 2.有些时候（1-2天） 3.经常有（3-4天） 4.大多数时候有（5-7天）,Q 部分：行为与精神状态,我感到孤独,原始数据,
18-25岁青年期,age_18_25_self,LightGBM,0.9979166666666667,QN411,2,206.0,20600.0,True,True,CES-D抑郁症状,keep,QN411,我的睡眠不好,1.几乎没有（不到一天） 2.有些时候（1-2天） 3.经常有（3-4天） 4.大多数时候有（5-7天）,Q 部分：行为与精神状态,我的睡眠不好,原始数据,
18-25岁青年期,age_18_25_self,LightGBM,0.9979166666666667,QN407,3,169.0,16900.0,True,True,CES-D抑郁症状,keep,QN407,我觉得做任何事都很费劲,1.几乎没有（不到一天） 2.有些时候（1-2天） 3.经常有（3-4天） 4.大多数时候有（5-7天）,Q 部分：行为与精神状态,我觉得做任何事都很费劲,原始数据,
18-25岁青年期,age_18_25_self,LightGBM,0.9979166666666667,QN412,4,169.0,16900.0,True,True,CES-D抑郁症状,reverse,QN412,我感到愉快,1.几乎没有（不到一天） 2.有些时候（1-2天） 3.经常有（3-4天） 4.大多数时候有（5-7天）（反向编码：1=高风险）,Q 部分：行为与精神状态,我感到愉快,原始数据,
18-25岁青年期,age_18_25_self,LightGBM,0.9979166666666667,QN406,5,161.0,16100.0,True,True,CES-D抑郁症状,keep,QN406,我感到情绪低落,1.几乎没有（不到一天） 2.有些时候（1-2天） 3.经常有（3-4天） 4.大多数时候有（5-7天）,Q 部分：行为与精神状态,我感到情绪低落,原始数据,
18-25岁青年期,age_18_25_self,LightGBM,0.9979166666666667,QN416,6,146.0,14600.0,True,True,CES-D抑郁症状,reverse,QN416,我生活快乐,1.几乎没有（不到一天） 2.有些时候（1-2天） 3.经常有（3-4天） 4.大多数时候有（5-7天）（反向编码：1=高风险）,Q 部分：行为与精神状态,我生活快乐,原始数据,
18-25岁青年期,age_18_25_self,LightGBM,0.9979166666666667,QN418,7,121.0,12100.0,True,True,CES-D抑郁症状,keep,QN418,我感到悲伤难过,1.几乎没有（不到一天） 2.有些时候（1-2天） 3.经常有（3-4天） 4.大多数时候有（5-7天）,Q 部分：行为与精神状态,我感到悲伤难过,原始数据,
18-25岁青年期,age_18_25_self,LightGBM,0.9979166666666667,QN420,8,111.0,11100.0,True,True,CES-D抑郁症状,keep,QN420,我觉得生活无法继续,1.几乎没有（不到一天） 2.有些时候（1-2天） 3.经常有（3-4天） 4.大多数时候有（5-7天）,Q 部分：行为与精神状态,我觉得生活无法继续,原始数据,
18-25岁青年期,age_18_25_self,LightGBM,0.9979166666666667,QN10022,9,40.0,4000.0,False,False,其他变量,reverse,QN10022,对邻居的信任度,0–10分（0=非常不信任，10=非常信任）（反向编码：1=高风险）,M 部分：主观态度,对邻居的信任度,原始数据,
18-25岁青年期,age_18_25_self,LightGBM,0.9979166666666667,QM3N,10,39.0,3900.0,True,False,其他变量,reverse,QM3N,生活意义评分,0–10分（0=非常没有意义，10=非常有意义）（反向编码：1=高风险）,M 部分：主观态度,生活意义评分,原始数据,
18-25岁青年期,age_18_25_self,LightGBM,0.9979166666666667,QM2016,11,38.0,3800.0,True,False,其他变量,reverse,QM2016,幸福感评分,0–10分（0=最低，10=最高）（反向编码：1=高风险）,M 部分：主观态度,幸福感评分,原始数据,
18-25岁青年期,age_18_25_self,LightGBM,0.9979166666666667,QM6,12,31.0,3100.0,False,False,其他变量,keep,QM6,大部分人乐于助人还是自私,1.大部分人是乐于助人的 5.大部分人是自私的,M 部分：主观态度,大部分人乐于助人还是自私,原始数据,
18-25岁青年期,age_18_25_self,LightGBM,0.9979166666666667,QN10021,13,30.0,3000.0,False,False,其他变量,reverse,QN10021,对父母的信任度,0–10分（0=非常不信任，10=非常信任）（反向编码：1=高风险）,M 部分：主观态度,对父母的信任度,原始数据,
18-25岁青年期,age_18_25_self,LightGBM,0.9979166666666667,QN12012,14,27.0,2700.0,True,False,其他变量,reverse,QN12012,对自己生活满意度,1–5分（1=很不满意，5=非常满意）（反向编码：1=高风险）,M 部分：主观态度,对自己生活满意度,原始数据,
18-25岁青年期,age_18_25_self,LightGBM,0.9979166666666667,QU202,15,16.0,1600.0,False,False,其他变量,reverse,QU202,是否电脑上网,1=是；5=否（反向编码：1=高风险）,U部分：网络模块,是否电脑上网,原始数据,
18-25岁青年期,age_18_25_self,LightGBM,0.9979166666666667,sleep_abnormal,16,15.0,1500.0,True,False,睡眠衍生变量 (来源:QQ4010),keep,sleep,睡眠时长是否异常 (基于QQ4010计算),"0=否, 1=是",,,特征工程衍生,
18-25岁青年期,age_18_25_self,LightGBM,0.9979166666666667,QA301_cat_1,17,15.0,1500.0,False,False,分类哑变量,keep,QA301,变量: QA301 - 农业户口,"0=否, 1=是",,,特征工程衍生,
18-25岁青年期,age_18_25_self,LightGBM,0.9979166666666667,QC201,18,11.0,1100.0,False,False,其他变量,reverse,QC201,期望的受教育程度,同KW01（反向编码：1=高风险）,W部分：教育史,期望的受教育程度,原始数据,
18-25岁青年期,age_18_25_self,LightGBM,0.9979166666666667,QN8011,19,11.0,1100.0,False,False,其他变量,reverse,QN8011,收入在本地位置评分,1–5分（1=很低，5=很高） 79=不适用（反向编码：1=高风险）,M 部分：主观态度,收入在本地位置评分,原始数据,
18-25岁青年期,age_18_25_self,LightGBM,0.9979166666666667,QA301_cat_7,20,9.0,900.0,False,False,分类哑变量,keep,QA301,变量: QA301 - 居民户口,"0=否, 1=是",,,特征工程衍生,
18-25岁青年期,age_18_25_self,LightGBM,0.9979166666666667,QD4_abnormal,21,9.0,900.0,False,False,异常指示器,keep,QD4,变量: QD4 - 异常值,"0=否, 1=是",,,特征工程衍生,
18-25岁青年期,age_18_25_self,LightGBM,0.9979166666666667,QQ201,22,8.0,800.0,False,False,健康相关,keep,QQ201,是否吸烟,1.是 5.否,Q 部分：行为与精神状态,是否吸烟,原始数据,
18-25岁青年期,age_18_25_self,LightGBM,0.9979166666666667,sleep_normal,23,8.0,800.0,True,False,睡眠衍生变量 (来源:QQ4010),keep,睡眠时长(QQ4010),睡眠时长是否正常 (基于QQ4010计算),"0=否, 1=是",,,特征工程衍生,
18-25岁青年期,age_18_25_self,LightGBM,0.9979166666666667,QN8012,24,7.0,700.0,False,False,其他变量,reverse,QN8012,社会地位评分,1–5分（1=很低，5=很高）（反向编码：1=高风险）,M 部分：主观态度,社会地位评分,原始数据,
18-25岁青年期,age_18_25_self,LightGBM,0.9979166666666667,QQ301,25,7.0,700.0,False,False,健康相关,keep,QQ301,过去一月每周喝酒过3次吗,1.是 5.否,Q 部分：行为与精神状态,过去一月每周喝酒过3次吗,原始数据,
18-25岁青年期,age_18_25_self,LightGBM,0.9979166666666667,is_male,26,6.0,600.0,True,False,基础变量,keep,is_male,是否为男性,请根据实际情况输入,,,特征工程衍生,⚠️ 警告：is_male在原始数据中不存在，为特征工程衍生变量
18-25岁青年期,age_18_25_self,LightGBM,0.9979166666666667,QN1001,27,6.0,600.0,False,False,其他变量,keep,QN1001,喜欢信任还是怀疑别人,1.大多数人是可以信任的 5.和人相处要越小心越好,M 部分：主观态度,喜欢信任还是怀疑别人,原始数据,
18-25岁青年期,age_18_25_self,LightGBM,0.9979166666666667,QU92,28,6.0,600.0,False,False,其他变量,keep,QU92,是否网上购物,1=是；5=否,U部分：网络模块,是否网上购物,原始数据,
18-25岁青年期,age_18_25_self,LightGBM,0.9979166666666667,QU93,29,6.0,600.0,False,False,其他变量,keep,QU93,是否看短视频,1.是 5.否,U部分：网络模块,是否看短视频,原始数据,
18-25岁青年期,age_18_25_self,LightGBM,0.9979166666666667,AGE,30,5.0,500.0,True,False,基础变量,special,AGE,年龄,0–120,G 部分：亲子互动,年龄,原始数据,
18-25岁青年期,age_18_25_self,LightGBM,0.9979166666666667,QKA203,31,4.0,400.0,False,False,其他变量,keep,QKA203,希望要几个男孩,0~20 个,E部分：婚姻,希望要几个男孩,原始数据,
18-25岁青年期,age_18_25_self,LightGBM,0.9979166666666667,QP202,32,4.0,400.0,False,False,健康相关,keep,QP202,健康变化情况,1.更好 3.没有变化 5.更差,P 部分：健康,健康变化情况,原始数据,
18-25岁青年期,age_18_25_self,LightGBM,0.9979166666666667,QEA0_cat_2,33,4.0,400.0,False,False,分类哑变量,keep,QEA0,变量: QEA0 - 已婚,"0=否, 1=是",,,特征工程衍生,
18-25岁青年期,age_18_25_self,LightGBM,0.9979166666666667,QP201,34,3.0,300.0,False,False,健康相关,keep,QP201,健康状况,1.非常健康 2.很健康 3.比较健康 4.一般 5.不健康,P 部分：健康,健康状况,原始数据,
18-25岁青年期,age_18_25_self,LightGBM,0.9979166666666667,QKA202_abnormal,35,3.0,300.0,False,False,异常指示器,keep,QKA202,变量: QKA202 - 异常值,"0=否, 1=是",,,特征工程衍生,
18-25岁青年期,age_18_25_self,LightGBM,0.9979166666666667,QC1,36,0.0,0.0,False,False,其他变量,reverse,QC1,现在是否在上学,1=是；5=否（反向编码：1=高风险）,C部分：教育,现在是否在上学,原始数据,
18-25岁青年期,age_18_25_self,LightGBM,0.9979166666666667,QU201,37,0.0,0.0,False,False,其他变量,reverse,QU201,是否移动设备上网,1=是；5=否（反向编码：1=高风险）,U部分：网络模块,是否移动设备上网,原始数据,
18-25岁青年期,age_18_25_self,LightGBM,0.9979166666666667,QU91,38,0.0,0.0,False,False,其他变量,keep,QU91,是否玩网络游戏,1=是；5=否,U部分：网络模块,是否玩网络游戏,原始数据,
18-25岁青年期,age_18_25_self,LightGBM,0.9979166666666667,QQ204,39,0.0,0.0,False,False,健康相关,keep,QQ204,是否曾经吸烟,1.是 5.否,Q 部分：行为与精神状态,是否曾经吸烟,原始数据,
18-25岁青年期,age_18_25_self,LightGBM,0.9979166666666667,QA301_cat_3,40,0.0,0.0,False,False,分类哑变量,keep,QA301,变量: QA301 - 非农户口,"0=否, 1=是",,,特征工程衍生,
18-25岁青年期,age_18_25_self,LightGBM,0.9979166666666667,QEA0_cat_1,41,0.0,0.0,False,False,分类哑变量,keep,QEA0,变量: QEA0 - 未婚,"0=否, 1=是",,,特征工程衍生,
18-25岁青年期,age_18_25_self,LightGBM,0.9979166666666667,QEA0_cat_3,42,0.0,0.0,False,False,分类哑变量,keep,QEA0,变量: QEA0 - 同居,"0=否, 1=是",,,特征工程衍生,
26-35岁成年早期Ⅰ,age_26_35_self,LightGBM,0.9976909544055124,QN411,1,313.0,31300.0,True,True,CES-D抑郁症状,keep,QN411,我的睡眠不好,1.几乎没有（不到一天） 2.有些时候（1-2天） 3.经常有（3-4天） 4.大多数时候有（5-7天）,Q 部分：行为与精神状态,我的睡眠不好,原始数据,
26-35岁成年早期Ⅰ,age_26_35_self,LightGBM,0.9976909544055124,QN414,2,217.0,21700.0,True,True,CES-D抑郁症状,keep,QN414,我感到孤独,1.几乎没有（不到一天） 2.有些时候（1-2天） 3.经常有（3-4天） 4.大多数时候有（5-7天）,Q 部分：行为与精神状态,我感到孤独,原始数据,
26-35岁成年早期Ⅰ,age_26_35_self,LightGBM,0.9976909544055124,QN416,3,210.0,21000.0,True,True,CES-D抑郁症状,reverse,QN416,我生活快乐,1.几乎没有（不到一天） 2.有些时候（1-2天） 3.经常有（3-4天） 4.大多数时候有（5-7天）（反向编码：1=高风险）,Q 部分：行为与精神状态,我生活快乐,原始数据,
26-35岁成年早期Ⅰ,age_26_35_self,LightGBM,0.9976909544055124,QN412,4,201.0,20100.0,True,True,CES-D抑郁症状,reverse,QN412,我感到愉快,1.几乎没有（不到一天） 2.有些时候（1-2天） 3.经常有（3-4天） 4.大多数时候有（5-7天）（反向编码：1=高风险）,Q 部分：行为与精神状态,我感到愉快,原始数据,
26-35岁成年早期Ⅰ,age_26_35_self,LightGBM,0.9976909544055124,QN407,5,190.0,19000.0,True,True,CES-D抑郁症状,keep,QN407,我觉得做任何事都很费劲,1.几乎没有（不到一天） 2.有些时候（1-2天） 3.经常有（3-4天） 4.大多数时候有（5-7天）,Q 部分：行为与精神状态,我觉得做任何事都很费劲,原始数据,
26-35岁成年早期Ⅰ,age_26_35_self,LightGBM,0.9976909544055124,QN406,6,184.0,18400.0,True,True,CES-D抑郁症状,keep,QN406,我感到情绪低落,1.几乎没有（不到一天） 2.有些时候（1-2天） 3.经常有（3-4天） 4.大多数时候有（5-7天）,Q 部分：行为与精神状态,我感到情绪低落,原始数据,
26-35岁成年早期Ⅰ,age_26_35_self,LightGBM,0.9976909544055124,QN420,7,162.0,16200.0,True,True,CES-D抑郁症状,keep,QN420,我觉得生活无法继续,1.几乎没有（不到一天） 2.有些时候（1-2天） 3.经常有（3-4天） 4.大多数时候有（5-7天）,Q 部分：行为与精神状态,我觉得生活无法继续,原始数据,
26-35岁成年早期Ⅰ,age_26_35_self,LightGBM,0.9976909544055124,QN418,8,135.0,13500.0,True,True,CES-D抑郁症状,keep,QN418,我感到悲伤难过,1.几乎没有（不到一天） 2.有些时候（1-2天） 3.经常有（3-4天） 4.大多数时候有（5-7天）,Q 部分：行为与精神状态,我感到悲伤难过,原始数据,
26-35岁成年早期Ⅰ,age_26_35_self,LightGBM,0.9976909544055124,AGE,9,46.0,4600.0,True,False,基础变量,special,AGE,年龄,0–120,G 部分：亲子互动,年龄,原始数据,
26-35岁成年早期Ⅰ,age_26_35_self,LightGBM,0.9976909544055124,QM2016,10,37.0,3700.0,True,False,其他变量,reverse,QM2016,幸福感评分,0–10分（0=最低，10=最高）（反向编码：1=高风险）,M 部分：主观态度,幸福感评分,原始数据,
26-35岁成年早期Ⅰ,age_26_35_self,LightGBM,0.9976909544055124,QN12012,11,28.0,2800.0,True,False,其他变量,reverse,QN12012,对自己生活满意度,1–5分（1=很不满意，5=非常满意）（反向编码：1=高风险）,M 部分：主观态度,对自己生活满意度,原始数据,
26-35岁成年早期Ⅰ,age_26_35_self,LightGBM,0.9976909544055124,QG405,12,26.0,2600.0,False,False,工作相关,reverse,QG405,工作晋升满意度,同QS501（反向编码：1=高风险）,G部分：工作,工作晋升满意度,原始数据,
26-35岁成年早期Ⅰ,age_26_35_self,LightGBM,0.9976909544055124,QN8012,13,18.0,1800.0,False,False,其他变量,reverse,QN8012,社会地位评分,1–5分（1=很低，5=很高）（反向编码：1=高风险）,M 部分：主观态度,社会地位评分,原始数据,
26-35岁成年早期Ⅰ,age_26_35_self,LightGBM,0.9976909544055124,QG404,14,17.0,1700.0,False,False,工作相关,reverse,QG404,工作时间满意度,同QS501（反向编码：1=高风险）,G部分：工作,工作时间满意度,原始数据,
26-35岁成年早期Ⅰ,age_26_35_self,LightGBM,0.9976909544055124,QP201,15,11.0,1100.0,False,False,健康相关,keep,QP201,健康状况,1.非常健康 2.很健康 3.比较健康 4.一般 5.不健康,P 部分：健康,健康状况,原始数据,
26-35岁成年早期Ⅰ,age_26_35_self,LightGBM,0.9976909544055124,QP801N,16,11.0,1100.0,False,False,健康相关,reverse,QP801N,是否吃肉,1.是 5.否（反向编码：1=高风险）,P 部分：健康,是否吃肉,原始数据,
26-35岁成年早期Ⅰ,age_26_35_self,LightGBM,0.9976909544055124,QG401,17,10.0,1000.0,False,False,工作相关,keep,QG401,工作收入满意度,同QS501,G部分：工作,工作收入满意度,原始数据,
26-35岁成年早期Ⅰ,age_26_35_self,LightGBM,0.9976909544055124,QG6_abnormal,18,10.0,1000.0,False,False,工作相关,keep,QG6,变量: QG6 - 异常值,"0=否, 1=是",,,特征工程衍生,
26-35岁成年早期Ⅰ,age_26_35_self,LightGBM,0.9976909544055124,QG403,19,9.0,900.0,False,False,工作相关,reverse,QG403,工作环境满意度,同QS501（反向编码：1=高风险）,G部分：工作,工作环境满意度,原始数据,
26-35岁成年早期Ⅰ,age_26_35_self,LightGBM,0.9976909544055124,QN8011,20,9.0,900.0,False,False,其他变量,reverse,QN8011,收入在本地位置评分,1–5分（1=很低，5=很高） 79=不适用（反向编码：1=高风险）,M 部分：主观态度,收入在本地位置评分,原始数据,
26-35岁成年早期Ⅰ,age_26_35_self,LightGBM,0.9976909544055124,is_male,21,8.0,800.0,True,False,基础变量,keep,is_male,是否为男性,请根据实际情况输入,,,特征工程衍生,⚠️ 警告：is_male在原始数据中不存在，为特征工程衍生变量
26-35岁成年早期Ⅰ,age_26_35_self,LightGBM,0.9976909544055124,QG406,22,8.0,800.0,False,False,工作相关,keep,QG406,工作满意度,同QS501,G部分：工作,工作满意度,原始数据,
26-35岁成年早期Ⅰ,age_26_35_self,LightGBM,0.9976909544055124,sleep_abnormal,23,8.0,800.0,True,False,睡眠衍生变量 (来源:QQ4010),keep,sleep,睡眠时长是否异常 (基于QQ4010计算),"0=否, 1=是",,,特征工程衍生,
26-35岁成年早期Ⅰ,age_26_35_self,LightGBM,0.9976909544055124,QG402,24,7.0,700.0,False,False,工作相关,keep,QG402,工作安全满意度,同QS501,G部分：工作,工作安全满意度,原始数据,
26-35岁成年早期Ⅰ,age_26_35_self,LightGBM,0.9976909544055124,QM3N,25,6.0,600.0,True,False,其他变量,reverse,QM3N,生活意义评分,0–10分（0=非常没有意义，10=非常有意义）（反向编码：1=高风险）,M 部分：主观态度,生活意义评分,原始数据,
26-35岁成年早期Ⅰ,age_26_35_self,LightGBM,0.9976909544055124,QG101,26,6.0,600.0,False,False,工作相关,keep,QG101,工作性质,同EGC202,G部分：工作,工作性质,原始数据,
26-35岁成年早期Ⅰ,age_26_35_self,LightGBM,0.9976909544055124,sleep_normal,27,5.0,500.0,True,False,睡眠衍生变量 (来源:QQ4010),keep,睡眠时长(QQ4010),睡眠时长是否正常 (基于QQ4010计算),"0=否, 1=是",,,特征工程衍生,
26-35岁成年早期Ⅰ,age_26_35_self,LightGBM,0.9976909544055124,QP701N_abnormal,28,4.0,400.0,False,False,健康相关,keep,QP701N,变量: QP701N - 异常值,"0=否, 1=是",,,特征工程衍生,
26-35岁成年早期Ⅰ,age_26_35_self,LightGBM,0.9976909544055124,QGB1,29,3.0,300.0,False,False,工作相关,keep,QGB1,过去一周工作状态,1=有工作；2=休假/培训；3=季节性歇业；4=无工作，正在找工作；5=无工作，未找工作；79=不适用,G部分：工作,过去一周工作状态,原始数据,
26-35岁成年早期Ⅰ,age_26_35_self,LightGBM,0.9976909544055124,QP202,30,3.0,300.0,False,False,健康相关,keep,QP202,健康变化情况,1.更好 3.没有变化 5.更差,P 部分：健康,健康变化情况,原始数据,
26-35岁成年早期Ⅰ,age_26_35_self,LightGBM,0.9976909544055124,QU92,31,3.0,300.0,False,False,其他变量,keep,QU92,是否网上购物,1=是；5=否,U部分：网络模块,是否网上购物,原始数据,
26-35岁成年早期Ⅰ,age_26_35_self,LightGBM,0.9976909544055124,QEA0_cat_2,32,3.0,300.0,False,False,分类哑变量,keep,QEA0,变量: QEA0 - 已婚,"0=否, 1=是",,,特征工程衍生,
26-35岁成年早期Ⅰ,age_26_35_self,LightGBM,0.9976909544055124,QEA0_cat_1,33,2.0,200.0,False,False,分类哑变量,keep,QEA0,变量: QEA0 - 未婚,"0=否, 1=是",,,特征工程衍生,
26-35岁成年早期Ⅰ,age_26_35_self,LightGBM,0.9976909544055124,QN4001,34,0.0,0.0,False,False,其他变量,reverse,QN4001,是否是中国共产党党员,1.是 5.否（反向编码：1=高风险）,N 部分：法律与政治,是否是中国共产党党员,原始数据,
26-35岁成年早期Ⅰ,age_26_35_self,LightGBM,0.9976909544055124,QN4003,35,0.0,0.0,False,False,其他变量,reverse,QN4003,是否是工会成员,1.是 5.否（反向编码：1=高风险）,N 部分：法律与政治,是否是工会成员,原始数据,
26-35岁成年早期Ⅰ,age_26_35_self,LightGBM,0.9976909544055124,QP301,36,0.0,0.0,False,False,健康相关,keep,QP301,过去两周身体是否不适,1.是 5.否,P 部分：健康,过去两周身体是否不适,原始数据,
26-35岁成年早期Ⅰ,age_26_35_self,LightGBM,0.9976909544055124,QP401,37,0.0,0.0,False,False,健康相关,keep,QP401,半年内是否有慢性疾病,1.是 5.否,P 部分：健康,半年内是否有慢性疾病,原始数据,
26-35岁成年早期Ⅰ,age_26_35_self,LightGBM,0.9976909544055124,QP802N,38,0.0,0.0,False,False,健康相关,reverse,QP802N,是否吃新鲜蔬菜或水果,1.是 5.否（反向编码：1=高风险）,P 部分：健康,是否吃新鲜蔬菜或水果,原始数据,
26-35岁成年早期Ⅰ,age_26_35_self,LightGBM,0.9976909544055124,QA301_cat_1,39,0.0,0.0,False,False,分类哑变量,keep,QA301,变量: QA301 - 农业户口,"0=否, 1=是",,,特征工程衍生,
26-35岁成年早期Ⅰ,age_26_35_self,LightGBM,0.9976909544055124,QA301_cat_3,40,0.0,0.0,False,False,分类哑变量,keep,QA301,变量: QA301 - 非农户口,"0=否, 1=是",,,特征工程衍生,
26-35岁成年早期Ⅰ,age_26_35_self,LightGBM,0.9976909544055124,QA301_cat_7,41,0.0,0.0,False,False,分类哑变量,keep,QA301,变量: QA301 - 居民户口,"0=否, 1=是",,,特征工程衍生,
26-35岁成年早期Ⅰ,age_26_35_self,LightGBM,0.9976909544055124,QEA0_cat_4,42,0.0,0.0,False,False,分类哑变量,keep,QEA0,变量: QEA0 - 离婚,"0=否, 1=是",,,特征工程衍生,
36-44岁成年早期Ⅱ,age_36_44_self,LightGBM,0.9955795148247978,QN411,1,335.0,33500.0,True,True,CES-D抑郁症状,keep,QN411,我的睡眠不好,1.几乎没有（不到一天） 2.有些时候（1-2天） 3.经常有（3-4天） 4.大多数时候有（5-7天）,Q 部分：行为与精神状态,我的睡眠不好,原始数据,
36-44岁成年早期Ⅱ,age_36_44_self,LightGBM,0.9955795148247978,QN416,2,233.0,23300.0,True,True,CES-D抑郁症状,reverse,QN416,我生活快乐,1.几乎没有（不到一天） 2.有些时候（1-2天） 3.经常有（3-4天） 4.大多数时候有（5-7天）（反向编码：1=高风险）,Q 部分：行为与精神状态,我生活快乐,原始数据,
36-44岁成年早期Ⅱ,age_36_44_self,LightGBM,0.9955795148247978,QN407,3,186.0,18600.0,True,True,CES-D抑郁症状,keep,QN407,我觉得做任何事都很费劲,1.几乎没有（不到一天） 2.有些时候（1-2天） 3.经常有（3-4天） 4.大多数时候有（5-7天）,Q 部分：行为与精神状态,我觉得做任何事都很费劲,原始数据,
36-44岁成年早期Ⅱ,age_36_44_self,LightGBM,0.9955795148247978,QN414,4,171.0,17100.0,True,True,CES-D抑郁症状,keep,QN414,我感到孤独,1.几乎没有（不到一天） 2.有些时候（1-2天） 3.经常有（3-4天） 4.大多数时候有（5-7天）,Q 部分：行为与精神状态,我感到孤独,原始数据,
36-44岁成年早期Ⅱ,age_36_44_self,LightGBM,0.9955795148247978,QN412,5,167.0,16700.0,True,True,CES-D抑郁症状,reverse,QN412,我感到愉快,1.几乎没有（不到一天） 2.有些时候（1-2天） 3.经常有（3-4天） 4.大多数时候有（5-7天）（反向编码：1=高风险）,Q 部分：行为与精神状态,我感到愉快,原始数据,
36-44岁成年早期Ⅱ,age_36_44_self,LightGBM,0.9955795148247978,QN406,6,160.0,16000.0,True,True,CES-D抑郁症状,keep,QN406,我感到情绪低落,1.几乎没有（不到一天） 2.有些时候（1-2天） 3.经常有（3-4天） 4.大多数时候有（5-7天）,Q 部分：行为与精神状态,我感到情绪低落,原始数据,
36-44岁成年早期Ⅱ,age_36_44_self,LightGBM,0.9955795148247978,QN418,7,132.0,13200.0,True,True,CES-D抑郁症状,keep,QN418,我感到悲伤难过,1.几乎没有（不到一天） 2.有些时候（1-2天） 3.经常有（3-4天） 4.大多数时候有（5-7天）,Q 部分：行为与精神状态,我感到悲伤难过,原始数据,
36-44岁成年早期Ⅱ,age_36_44_self,LightGBM,0.9955795148247978,QN420,8,96.0,9600.0,True,True,CES-D抑郁症状,keep,QN420,我觉得生活无法继续,1.几乎没有（不到一天） 2.有些时候（1-2天） 3.经常有（3-4天） 4.大多数时候有（5-7天）,Q 部分：行为与精神状态,我觉得生活无法继续,原始数据,
36-44岁成年早期Ⅱ,age_36_44_self,LightGBM,0.9955795148247978,QM2016,9,47.0,4700.0,True,False,其他变量,reverse,QM2016,幸福感评分,0–10分（0=最低，10=最高）（反向编码：1=高风险）,M 部分：主观态度,幸福感评分,原始数据,
36-44岁成年早期Ⅱ,age_36_44_self,LightGBM,0.9955795148247978,QM3N,10,44.0,4400.0,True,False,其他变量,reverse,QM3N,生活意义评分,0–10分（0=非常没有意义，10=非常有意义）（反向编码：1=高风险）,M 部分：主观态度,生活意义评分,原始数据,
36-44岁成年早期Ⅱ,age_36_44_self,LightGBM,0.9955795148247978,QN10022,11,35.0,3500.0,False,False,其他变量,reverse,QN10022,对邻居的信任度,0–10分（0=非常不信任，10=非常信任）（反向编码：1=高风险）,M 部分：主观态度,对邻居的信任度,原始数据,
36-44岁成年早期Ⅱ,age_36_44_self,LightGBM,0.9955795148247978,QG101,12,33.0,3300.0,False,False,工作相关,keep,QG101,工作性质,同EGC202,G部分：工作,工作性质,原始数据,
36-44岁成年早期Ⅱ,age_36_44_self,LightGBM,0.9955795148247978,QG401,13,29.0,2900.0,False,False,工作相关,keep,QG401,工作收入满意度,同QS501,G部分：工作,工作收入满意度,原始数据,
36-44岁成年早期Ⅱ,age_36_44_self,LightGBM,0.9955795148247978,QN8011,14,28.0,2800.0,False,False,其他变量,reverse,QN8011,收入在本地位置评分,1–5分（1=很低，5=很高） 79=不适用（反向编码：1=高风险）,M 部分：主观态度,收入在本地位置评分,原始数据,
36-44岁成年早期Ⅱ,age_36_44_self,LightGBM,0.9955795148247978,QN1001,15,24.0,2400.0,False,False,其他变量,keep,QN1001,喜欢信任还是怀疑别人,1.大多数人是可以信任的 5.和人相处要越小心越好,M 部分：主观态度,喜欢信任还是怀疑别人,原始数据,
36-44岁成年早期Ⅱ,age_36_44_self,LightGBM,0.9955795148247978,QG406,16,23.0,2300.0,False,False,工作相关,keep,QG406,工作满意度,同QS501,G部分：工作,工作满意度,原始数据,
36-44岁成年早期Ⅱ,age_36_44_self,LightGBM,0.9955795148247978,QP301,17,22.0,2200.0,False,False,健康相关,keep,QP301,过去两周身体是否不适,1.是 5.否,P 部分：健康,过去两周身体是否不适,原始数据,
36-44岁成年早期Ⅱ,age_36_44_self,LightGBM,0.9955795148247978,QN10021,18,21.0,2100.0,False,False,其他变量,reverse,QN10021,对父母的信任度,0–10分（0=非常不信任，10=非常信任）（反向编码：1=高风险）,M 部分：主观态度,对父母的信任度,原始数据,
36-44岁成年早期Ⅱ,age_36_44_self,LightGBM,0.9955795148247978,QP202,19,16.0,1600.0,False,False,健康相关,keep,QP202,健康变化情况,1.更好 3.没有变化 5.更差,P 部分：健康,健康变化情况,原始数据,
36-44岁成年早期Ⅱ,age_36_44_self,LightGBM,0.9955795148247978,QN8012,20,15.0,1500.0,False,False,其他变量,reverse,QN8012,社会地位评分,1–5分（1=很低，5=很高）（反向编码：1=高风险）,M 部分：主观态度,社会地位评分,原始数据,
36-44岁成年早期Ⅱ,age_36_44_self,LightGBM,0.9955795148247978,AGE,21,14.0,1400.0,True,False,基础变量,special,AGE,年龄,0–120,G 部分：亲子互动,年龄,原始数据,
36-44岁成年早期Ⅱ,age_36_44_self,LightGBM,0.9955795148247978,QP201,22,13.0,1300.0,False,False,健康相关,keep,QP201,健康状况,1.非常健康 2.很健康 3.比较健康 4.一般 5.不健康,P 部分：健康,健康状况,原始数据,
36-44岁成年早期Ⅱ,age_36_44_self,LightGBM,0.9955795148247978,is_male,23,9.0,900.0,True,False,基础变量,keep,is_male,是否为男性,请根据实际情况输入,,,特征工程衍生,⚠️ 警告：is_male在原始数据中不存在，为特征工程衍生变量
36-44岁成年早期Ⅱ,age_36_44_self,LightGBM,0.9955795148247978,QG402,24,9.0,900.0,False,False,工作相关,keep,QG402,工作安全满意度,同QS501,G部分：工作,工作安全满意度,原始数据,
36-44岁成年早期Ⅱ,age_36_44_self,LightGBM,0.9955795148247978,QU201,25,9.0,900.0,False,False,其他变量,reverse,QU201,是否移动设备上网,1=是；5=否（反向编码：1=高风险）,U部分：网络模块,是否移动设备上网,原始数据,
36-44岁成年早期Ⅱ,age_36_44_self,LightGBM,0.9955795148247978,QG6_abnormal,26,5.0,500.0,False,False,工作相关,keep,QG6,变量: QG6 - 异常值,"0=否, 1=是",,,特征工程衍生,
36-44岁成年早期Ⅱ,age_36_44_self,LightGBM,0.9955795148247978,QQ201,27,4.0,400.0,False,False,健康相关,keep,QQ201,是否吸烟,1.是 5.否,Q 部分：行为与精神状态,是否吸烟,原始数据,
36-44岁成年早期Ⅱ,age_36_44_self,LightGBM,0.9955795148247978,sleep_normal,28,3.0,300.0,True,False,睡眠衍生变量 (来源:QQ4010),keep,睡眠时长(QQ4010),睡眠时长是否正常 (基于QQ4010计算),"0=否, 1=是",,,特征工程衍生,
36-44岁成年早期Ⅱ,age_36_44_self,LightGBM,0.9955795148247978,QN12012,29,2.0,200.0,True,False,其他变量,reverse,QN12012,对自己生活满意度,1–5分（1=很不满意，5=非常满意）（反向编码：1=高风险）,M 部分：主观态度,对自己生活满意度,原始数据,
36-44岁成年早期Ⅱ,age_36_44_self,LightGBM,0.9955795148247978,QM6,30,2.0,200.0,False,False,其他变量,keep,QM6,大部分人乐于助人还是自私,1.大部分人是乐于助人的 5.大部分人是自私的,M 部分：主观态度,大部分人乐于助人还是自私,原始数据,
36-44岁成年早期Ⅱ,age_36_44_self,LightGBM,0.9955795148247978,QQ301,31,2.0,200.0,False,False,健康相关,keep,QQ301,过去一月每周喝酒过3次吗,1.是 5.否,Q 部分：行为与精神状态,过去一月每周喝酒过3次吗,原始数据,
36-44岁成年早期Ⅱ,age_36_44_self,LightGBM,0.9955795148247978,QEA0_cat_2,32,2.0,200.0,False,False,分类哑变量,keep,QEA0,变量: QEA0 - 已婚,"0=否, 1=是",,,特征工程衍生,
36-44岁成年早期Ⅱ,age_36_44_self,LightGBM,0.9955795148247978,QP401,33,1.0,100.0,False,False,健康相关,keep,QP401,半年内是否有慢性疾病,1.是 5.否,P 部分：健康,半年内是否有慢性疾病,原始数据,
36-44岁成年早期Ⅱ,age_36_44_self,LightGBM,0.9955795148247978,QA301_cat_3,34,1.0,100.0,False,False,分类哑变量,keep,QA301,变量: QA301 - 非农户口,"0=否, 1=是",,,特征工程衍生,
36-44岁成年早期Ⅱ,age_36_44_self,LightGBM,0.9955795148247978,QP701N_abnormal,35,1.0,100.0,False,False,健康相关,keep,QP701N,变量: QP701N - 异常值,"0=否, 1=是",,,特征工程衍生,
36-44岁成年早期Ⅱ,age_36_44_self,LightGBM,0.9955795148247978,QN4001,36,0.0,0.0,False,False,其他变量,reverse,QN4001,是否是中国共产党党员,1.是 5.否（反向编码：1=高风险）,N 部分：法律与政治,是否是中国共产党党员,原始数据,
36-44岁成年早期Ⅱ,age_36_44_self,LightGBM,0.9955795148247978,QU202,37,0.0,0.0,False,False,其他变量,reverse,QU202,是否电脑上网,1=是；5=否（反向编码：1=高风险）,U部分：网络模块,是否电脑上网,原始数据,
36-44岁成年早期Ⅱ,age_36_44_self,LightGBM,0.9955795148247978,QU91,38,0.0,0.0,False,False,其他变量,keep,QU91,是否玩网络游戏,1=是；5=否,U部分：网络模块,是否玩网络游戏,原始数据,
36-44岁成年早期Ⅱ,age_36_44_self,LightGBM,0.9955795148247978,QA301_cat_1,39,0.0,0.0,False,False,分类哑变量,keep,QA301,变量: QA301 - 农业户口,"0=否, 1=是",,,特征工程衍生,
36-44岁成年早期Ⅱ,age_36_44_self,LightGBM,0.9955795148247978,QA301_cat_7,40,0.0,0.0,False,False,分类哑变量,keep,QA301,变量: QA301 - 居民户口,"0=否, 1=是",,,特征工程衍生,
36-44岁成年早期Ⅱ,age_36_44_self,LightGBM,0.9955795148247978,QEA0_cat_4,41,0.0,0.0,False,False,分类哑变量,keep,QEA0,变量: QEA0 - 离婚,"0=否, 1=是",,,特征工程衍生,
36-44岁成年早期Ⅱ,age_36_44_self,LightGBM,0.9955795148247978,QEA0_cat_1,42,0.0,0.0,False,False,分类哑变量,keep,QEA0,变量: QEA0 - 未婚,"0=否, 1=是",,,特征工程衍生,
4-6岁学龄前期,age_4_6_proxy,LightGBM,0.8523587004895417,WG303,1,151.0,15100.0,False,False,亲子互动,reverse,WG303,外出游玩频率,1.从不 2.很少 3.有时 4.经常 5.总是（反向编码：1=高风险）,G 部分：亲子互动,外出游玩频率,原始数据,
4-6岁学龄前期,age_4_6_proxy,LightGBM,0.8523587004895417,WG302,2,136.0,13600.0,False,False,亲子互动,reverse,WG302,买书频率,1.从不 2.很少 3.有时 4.经常 5.总是（反向编码：1=高风险）,G 部分：亲子互动,买书频率,原始数据,
4-6岁学龄前期,age_4_6_proxy,LightGBM,0.8523587004895417,AGE,3,106.0,10600.0,True,False,基础变量,special,AGE,年龄,0–120,G 部分：亲子互动,年龄,原始数据,
4-6岁学龄前期,age_4_6_proxy,LightGBM,0.8523587004895417,sleep_normal,4,89.0,8900.0,True,False,睡眠衍生变量 (来源:WF309A/WF310A),keep,睡眠时长(WF309A/WF310A),睡眠时长是否正常 (基于WF309A/WF310A计算),"0=否, 1=是",,,特征工程衍生,
4-6岁学龄前期,age_4_6_proxy,LightGBM,0.8523587004895417,WG411,5,85.0,8500.0,False,False,亲子互动,keep,WG411,孩子能否读出 3-5 个汉字的简单句,1.能 5.不能,G 部分：亲子互动,孩子能否读出 3-5 个汉字的简单句,原始数据,
4-6岁学龄前期,age_4_6_proxy,LightGBM,0.8523587004895417,WS203,6,80.0,8000.0,False,False,其他变量,keep,WS203,幼儿园/学前班的类型,1.公办 5.民办,F 部分：上学,幼儿园/学前班的类型,原始数据,
4-6岁学龄前期,age_4_6_proxy,LightGBM,0.8523587004895417,WG404,7,67.0,6700.0,True,False,亲子互动,keep,WG404,孩子能否在无提示下数到 100（仅 G403=1 时询问）,1.能 5.不能,G 部分：亲子互动,孩子能否在无提示下数到 100（仅 G403=1 时询问）,原始数据,
4-6岁学龄前期,age_4_6_proxy,LightGBM,0.8523587004895417,WA103_abnormal,8,56.0,5600.0,False,False,异常指示器,keep,WA103,变量: WA103 - 异常值,"0=否, 1=是",,,特征工程衍生,
4-6岁学龄前期,age_4_6_proxy,LightGBM,0.8523587004895417,WG405,9,55.0,5500.0,True,False,亲子互动,keep,WG405,孩子能否理解昨天、今天、明天的时间概念,1.能 5.不能,G 部分：亲子互动,孩子能否理解昨天、今天、明天的时间概念,原始数据,
4-6岁学龄前期,age_4_6_proxy,LightGBM,0.8523587004895417,WA10,10,54.0,5400.0,False,False,其他变量,reverse,WA10,是否要求孩子承担家务,1.是 5.否（反向编码：1=高风险）,B 部分：日常生活,是否要求孩子承担家务,原始数据,
4-6岁学龄前期,age_4_6_proxy,LightGBM,0.8523587004895417,WG408,11,53.0,5300.0,False,False,亲子互动,keep,WG408,孩子能否认识 10 个汉字,1.能 5.不能,G 部分：亲子互动,孩子能否认识 10 个汉字,原始数据,
4-6岁学龄前期,age_4_6_proxy,LightGBM,0.8523587004895417,WB9_abnormal,12,51.0,5100.0,False,False,异常指示器,keep,WB9,变量: WB9 - 异常值,"0=否, 1=是",,,特征工程衍生,
4-6岁学龄前期,age_4_6_proxy,LightGBM,0.8523587004895417,WG410,13,50.0,5000.0,False,False,亲子互动,keep,WG410,孩子能否按照正确顺序（从左到右、从上到下）读书,1.能 5.不能,G 部分：亲子互动,孩子能否按照正确顺序（从左到右、从上到下）读书,原始数据,
4-6岁学龄前期,age_4_6_proxy,LightGBM,0.8523587004895417,WC0,14,50.0,5000.0,False,False,其他变量,keep,WC0,过去一月是否生病,1.是 5.否,C 部分：健康,过去一月是否生病,原始数据,
4-6岁学龄前期,age_4_6_proxy,LightGBM,0.8523587004895417,WG401,15,49.0,4900.0,True,False,亲子互动,keep,WG401,物品归类,1.能 5.不能,G 部分：亲子互动,物品归类,原始数据,
4-6岁学龄前期,age_4_6_proxy,LightGBM,0.8523587004895417,is_male,16,46.0,4600.0,True,False,基础变量,keep,is_male,是否为男性,请根据实际情况输入,,,特征工程衍生,⚠️ 警告：is_male在原始数据中不存在，为特征工程衍生变量
4-6岁学龄前期,age_4_6_proxy,LightGBM,0.8523587004895417,WG406,17,45.0,4500.0,True,False,亲子互动,keep,WG406,孩子能否知道牛和老鼠哪个重（重量概念）,1.能 5.不能,G 部分：亲子互动,孩子能否知道牛和老鼠哪个重（重量概念）,原始数据,
4-6岁学龄前期,age_4_6_proxy,LightGBM,0.8523587004895417,WA301_cat_1,18,44.0,4400.0,False,False,分类哑变量,keep,WA301,变量: WA301 - 农业户口,"0=否, 1=是",,,特征工程衍生,
4-6岁学龄前期,age_4_6_proxy,LightGBM,0.8523587004895417,WG407,19,42.0,4200.0,False,False,亲子互动,keep,WG407,孩子能否知道 8 和 2 哪个多（数量概念）,1.能 5.不能,G 部分：亲子互动,孩子能否知道 8 和 2 哪个多（数量概念）,原始数据,
4-6岁学龄前期,age_4_6_proxy,LightGBM,0.8523587004895417,WA301_cat_7,20,42.0,4200.0,False,False,分类哑变量,keep,WA301,变量: WA301 - 居民户口,"0=否, 1=是",,,特征工程衍生,
4-6岁学龄前期,age_4_6_proxy,LightGBM,0.8523587004895417,WA104_abnormal,21,39.0,3900.0,False,False,异常指示器,keep,WA104,变量: WA104 - 异常值,"0=否, 1=是",,,特征工程衍生,
4-6岁学龄前期,age_4_6_proxy,LightGBM,0.8523587004895417,WC3N,22,30.0,3000.0,False,False,其他变量,keep,WC3N,生病如何处理,1.立刻找医生看病 2.自己找药/买药 3.民间方法治疗 4.去求神拜佛或做法事 5.不采取任何措施 77.其他（请注明）,C 部分：健康,生病如何处理,原始数据,
4-6岁学龄前期,age_4_6_proxy,LightGBM,0.8523587004895417,WA301_cat_3,23,29.0,2900.0,False,False,分类哑变量,keep,WA301,变量: WA301 - 非农户口,"0=否, 1=是",,,特征工程衍生,
4-6岁学龄前期,age_4_6_proxy,LightGBM,0.8523587004895417,WG409,24,24.0,2400.0,False,False,亲子互动,keep,WG409,孩子能否认识 20 个汉字（仅 G408=1 时询问）,1.能 5.不能,G 部分：亲子互动,孩子能否认识 20 个汉字（仅 G408=1 时询问）,原始数据,
4-6岁学龄前期,age_4_6_proxy,LightGBM,0.8523587004895417,WS201,25,23.0,2300.0,False,False,其他变量,keep,WS201,上幼儿园还是学前班,1.幼儿园 5.学前班,F 部分：上学,上幼儿园还是学前班,原始数据,
4-6岁学龄前期,age_4_6_proxy,LightGBM,0.8523587004895417,WG403,26,16.0,1600.0,True,False,亲子互动,keep,WG403,孩子能否在无提示下数到 20,1.能 5.不能,G 部分：亲子互动,孩子能否在无提示下数到 20,原始数据,
4-6岁学龄前期,age_4_6_proxy,LightGBM,0.8523587004895417,WG402,27,14.0,1400.0,True,False,亲子互动,keep,WG402,识数,1.能 5.不能,G 部分：亲子互动,识数,原始数据,
4-6岁学龄前期,age_4_6_proxy,LightGBM,0.8523587004895417,sleep_abnormal,28,13.0,1300.0,True,False,睡眠衍生变量 (来源:WF309A/WF310A),keep,sleep,睡眠时长是否异常 (基于WF309A/WF310A计算),"0=否, 1=是",,,特征工程衍生,
4-6岁学龄前期,age_4_6_proxy,LightGBM,0.8523587004895417,WC1,29,11.0,1100.0,False,False,其他变量,reverse,WC1,现在在上学吗,1.是 5.否（反向编码：1=高风险）,C 部分：上学确认,现在在上学吗,原始数据,
4-6岁学龄前期,age_4_6_proxy,LightGBM,0.8523587004895417,WC3,30,0.0,0.0,False,False,其他变量,special,WC3,现在上哪个阶段,1.托儿所 2.幼儿园/学前班 3.小学 4.初中 5.高中/中专/技校/职高 6.大专 7.大学本科 8.硕士 9.博士,C 部分：上学确认,现在上哪个阶段,原始数据,
45-59岁中年期,age_45_59_self,XGBoost,0.9975818898988167,QN418,1,0.25953251123428345,25.95,True,True,CES-D抑郁症状,keep,QN418,我感到悲伤难过,1.几乎没有（不到一天） 2.有些时候（1-2天） 3.经常有（3-4天） 4.大多数时候有（5-7天）,Q 部分：行为与精神状态,我感到悲伤难过,原始数据,
45-59岁中年期,age_45_59_self,XGBoost,0.9975818898988167,QN420,2,0.17057734727859497,17.06,True,True,CES-D抑郁症状,keep,QN420,我觉得生活无法继续,1.几乎没有（不到一天） 2.有些时候（1-2天） 3.经常有（3-4天） 4.大多数时候有（5-7天）,Q 部分：行为与精神状态,我觉得生活无法继续,原始数据,
45-59岁中年期,age_45_59_self,XGBoost,0.9975818898988167,QN414,3,0.11418062448501587,11.42,True,True,CES-D抑郁症状,keep,QN414,我感到孤独,1.几乎没有（不到一天） 2.有些时候（1-2天） 3.经常有（3-4天） 4.大多数时候有（5-7天）,Q 部分：行为与精神状态,我感到孤独,原始数据,
45-59岁中年期,age_45_59_self,XGBoost,0.9975818898988167,QN406,4,0.08827095478773117,8.83,True,True,CES-D抑郁症状,keep,QN406,我感到情绪低落,1.几乎没有（不到一天） 2.有些时候（1-2天） 3.经常有（3-4天） 4.大多数时候有（5-7天）,Q 部分：行为与精神状态,我感到情绪低落,原始数据,
45-59岁中年期,age_45_59_self,XGBoost,0.9975818898988167,QN407,5,0.07936032861471176,7.94,True,True,CES-D抑郁症状,keep,QN407,我觉得做任何事都很费劲,1.几乎没有（不到一天） 2.有些时候（1-2天） 3.经常有（3-4天） 4.大多数时候有（5-7天）,Q 部分：行为与精神状态,我觉得做任何事都很费劲,原始数据,
45-59岁中年期,age_45_59_self,XGBoost,0.9975818898988167,QN416,6,0.0601784847676754,6.02,True,True,CES-D抑郁症状,reverse,QN416,我生活快乐,1.几乎没有（不到一天） 2.有些时候（1-2天） 3.经常有（3-4天） 4.大多数时候有（5-7天）（反向编码：1=高风险）,Q 部分：行为与精神状态,我生活快乐,原始数据,
45-59岁中年期,age_45_59_self,XGBoost,0.9975818898988167,QN411,7,0.0572575144469738,5.73,True,True,CES-D抑郁症状,keep,QN411,我的睡眠不好,1.几乎没有（不到一天） 2.有些时候（1-2天） 3.经常有（3-4天） 4.大多数时候有（5-7天）,Q 部分：行为与精神状态,我的睡眠不好,原始数据,
45-59岁中年期,age_45_59_self,XGBoost,0.9975818898988167,QN412,8,0.05369745194911957,5.37,True,True,CES-D抑郁症状,reverse,QN412,我感到愉快,1.几乎没有（不到一天） 2.有些时候（1-2天） 3.经常有（3-4天） 4.大多数时候有（5-7天）（反向编码：1=高风险）,Q 部分：行为与精神状态,我感到愉快,原始数据,
45-59岁中年期,age_45_59_self,XGBoost,0.9975818898988167,QQ9010N_abnormal,9,0.015024234540760517,1.5,False,False,健康相关,keep,QQ9010N,变量: QQ9010N - 异常值,"0=否, 1=是",,,特征工程衍生,
45-59岁中年期,age_45_59_self,XGBoost,0.9975818898988167,QM2016,10,0.01033078320324421,1.03,True,False,其他变量,reverse,QM2016,幸福感评分,0–10分（0=最低，10=最高）（反向编码：1=高风险）,M 部分：主观态度,幸福感评分,原始数据,
45-59岁中年期,age_45_59_self,XGBoost,0.9975818898988167,QQ1011,11,0.00887324195355177,0.89,False,False,健康相关,reverse,QQ1011,是否能独立去户外活动,1.是 5.否（反向编码：1=高风险）,X 部分：认知与身体测试,是否能独立去户外活动,原始数据,
45-59岁中年期,age_45_59_self,XGBoost,0.9975818898988167,QP401,12,0.006656859535723925,0.67,False,False,健康相关,keep,QP401,半年内是否有慢性疾病,1.是 5.否,P 部分：健康,半年内是否有慢性疾病,原始数据,
45-59岁中年期,age_45_59_self,XGBoost,0.9975818898988167,QA301_cat_7,13,0.00630992092192173,0.63,False,False,分类哑变量,keep,QA301,变量: QA301 - 居民户口,"0=否, 1=是",,,特征工程衍生,
45-59岁中年期,age_45_59_self,XGBoost,0.9975818898988167,QQ201,14,0.00630003958940506,0.63,False,False,健康相关,keep,QQ201,是否吸烟,1.是 5.否,Q 部分：行为与精神状态,是否吸烟,原始数据,
45-59岁中年期,age_45_59_self,XGBoost,0.9975818898988167,QEA0_cat_5,15,0.005621316842734814,0.56,False,False,分类哑变量,keep,QEA0,变量: QEA0 - 丧偶,"0=否, 1=是",,,特征工程衍生,
45-59岁中年期,age_45_59_self,XGBoost,0.9975818898988167,QM3N,16,0.005548796616494656,0.55,True,False,其他变量,reverse,QM3N,生活意义评分,0–10分（0=非常没有意义，10=非常有意义）（反向编码：1=高风险）,M 部分：主观态度,生活意义评分,原始数据,
45-59岁中年期,age_45_59_self,XGBoost,0.9975818898988167,QN8011,17,0.0049896081909537315,0.5,False,False,其他变量,reverse,QN8011,收入在本地位置评分,1–5分（1=很低，5=很高） 79=不适用（反向编码：1=高风险）,M 部分：主观态度,收入在本地位置评分,原始数据,
45-59岁中年期,age_45_59_self,XGBoost,0.9975818898988167,QN12012,18,0.0048471237532794476,0.48,True,False,其他变量,reverse,QN12012,对自己生活满意度,1–5分（1=很不满意，5=非常满意）（反向编码：1=高风险）,M 部分：主观态度,对自己生活满意度,原始数据,
45-59岁中年期,age_45_59_self,XGBoost,0.9975818898988167,AGE,19,0.004700998309999704,0.47,True,False,基础变量,special,AGE,年龄,0–120,G 部分：亲子互动,年龄,原始数据,
45-59岁中年期,age_45_59_self,XGBoost,0.9975818898988167,QP201,20,0.00450277142226696,0.45,False,False,健康相关,keep,QP201,健康状况,1.非常健康 2.很健康 3.比较健康 4.一般 5.不健康,P 部分：健康,健康状况,原始数据,
45-59岁中年期,age_45_59_self,XGBoost,0.9975818898988167,QP301,21,0.004387035965919495,0.44,False,False,健康相关,keep,QP301,过去两周身体是否不适,1.是 5.否,P 部分：健康,过去两周身体是否不适,原始数据,
45-59岁中年期,age_45_59_self,XGBoost,0.9975818898988167,QG406,22,0.004374902695417404,0.44,False,False,工作相关,keep,QG406,工作满意度,同QS501,G部分：工作,工作满意度,原始数据,
45-59岁中年期,age_45_59_self,XGBoost,0.9975818898988167,QP701N_abnormal,23,0.00435357540845871,0.44,False,False,健康相关,keep,QP701N,变量: QP701N - 异常值,"0=否, 1=是",,,特征工程衍生,
45-59岁中年期,age_45_59_self,XGBoost,0.9975818898988167,QI2001,24,0.0037701562978327274,0.38,False,False,其他变量,reverse,QI2001,是否有领取养老保险,1=是；5=否（反向编码：1=高风险）,I部分：退休与养老,是否有领取养老保险,原始数据,
45-59岁中年期,age_45_59_self,XGBoost,0.9975818898988167,QP202,25,0.003737363265827298,0.37,False,False,健康相关,keep,QP202,健康变化情况,1.更好 3.没有变化 5.更差,P 部分：健康,健康变化情况,原始数据,
45-59岁中年期,age_45_59_self,XGBoost,0.9975818898988167,QA301_cat_1,26,0.0031770560890436172,0.32,False,False,分类哑变量,keep,QA301,变量: QA301 - 农业户口,"0=否, 1=是",,,特征工程衍生,
45-59岁中年期,age_45_59_self,XGBoost,0.9975818898988167,sleep_normal,27,0.0018438705010339618,0.18,True,False,睡眠衍生变量 (来源:QQ4010),keep,睡眠时长(QQ4010),睡眠时长是否正常 (基于QQ4010计算),"0=否, 1=是",,,特征工程衍生,
45-59岁中年期,age_45_59_self,XGBoost,0.9975818898988167,QQ1014,28,0.001781969447620213,0.18,False,False,健康相关,reverse,QQ1014,是否能独立使用公共交通,1.是 5.否（反向编码：1=高风险）,X 部分：认知与身体测试,是否能独立使用公共交通,原始数据,
45-59岁中年期,age_45_59_self,XGBoost,0.9975818898988167,is_male,29,0.001470108050853014,0.15,True,False,基础变量,keep,is_male,是否为男性,请根据实际情况输入,,,特征工程衍生,⚠️ 警告：is_male在原始数据中不存在，为特征工程衍生变量
45-59岁中年期,age_45_59_self,XGBoost,0.9975818898988167,QN4003,30,0.0014223834732547402,0.14,False,False,其他变量,reverse,QN4003,是否是工会成员,1.是 5.否（反向编码：1=高风险）,N 部分：法律与政治,是否是工会成员,原始数据,
45-59岁中年期,age_45_59_self,XGBoost,0.9975818898988167,sleep_abnormal,31,0.001121455105021596,0.11,True,False,睡眠衍生变量 (来源:QQ4010),keep,sleep,睡眠时长是否异常 (基于QQ4010计算),"0=否, 1=是",,,特征工程衍生,
45-59岁中年期,age_45_59_self,XGBoost,0.9975818898988167,QQ301,32,0.0010075850877910852,0.1,False,False,健康相关,keep,QQ301,过去一月每周喝酒过3次吗,1.是 5.否,Q 部分：行为与精神状态,过去一月每周喝酒过3次吗,原始数据,
45-59岁中年期,age_45_59_self,XGBoost,0.9975818898988167,QEA0_cat_2,33,0.0005597468698397279,0.06,False,False,分类哑变量,keep,QEA0,变量: QEA0 - 已婚,"0=否, 1=是",,,特征工程衍生,
45-59岁中年期,age_45_59_self,XGBoost,0.9975818898988167,QI101,34,0.00023180662537924945,0.02,False,False,其他变量,reverse,QI101,是否办理退休手续,1=是；5=否（反向编码：1=高风险）,I部分：退休与养老,是否办理退休手续,原始数据,
45-59岁中年期,age_45_59_self,XGBoost,0.9975818898988167,QI200,35,0.0,0.0,False,False,其他变量,reverse,QI200,是否有领取离退休金,1=是；5=否（反向编码：1=高风险）,I部分：退休与养老,是否有领取离退休金,原始数据,
45-59岁中年期,age_45_59_self,XGBoost,0.9975818898988167,QC401,36,0.0,0.0,False,False,其他变量,keep,QC401,过去12个月是否因病住院,1.是 5.否,P 部分：健康,过去12个月是否因病住院,原始数据,
45-59岁中年期,age_45_59_self,XGBoost,0.9975818898988167,QQ1012,37,0.0,0.0,False,False,健康相关,reverse,QQ1012,是否能独立进餐,1.是 5.否（反向编码：1=高风险）,X 部分：认知与身体测试,是否能独立进餐,原始数据,
45-59岁中年期,age_45_59_self,XGBoost,0.9975818898988167,QQ1013,38,0.0,0.0,False,False,健康相关,reverse,QQ1013,是否能独立进行厨房活动,1.是 5.否（反向编码：1=高风险）,X 部分：认知与身体测试,是否能独立进行厨房活动,原始数据,
45-59岁中年期,age_45_59_self,XGBoost,0.9975818898988167,QQ1016,39,0.0,0.0,False,False,健康相关,reverse,QQ1016,是否能独立清洁卫生,1.是 5.否（反向编码：1=高风险）,X 部分：认知与身体测试,是否能独立清洁卫生,原始数据,
45-59岁中年期,age_45_59_self,XGBoost,0.9975818898988167,QQ1017,40,0.0,0.0,False,False,健康相关,reverse,QQ1017,是否能独立洗衣,1.是 5.否（反向编码：1=高风险）,X 部分：认知与身体测试,是否能独立洗衣,原始数据,
45-59岁中年期,age_45_59_self,XGBoost,0.9975818898988167,QA301_cat_3,41,0.0,0.0,False,False,分类哑变量,keep,QA301,变量: QA301 - 非农户口,"0=否, 1=是",,,特征工程衍生,
45-59岁中年期,age_45_59_self,XGBoost,0.9975818898988167,QEA0_cat_4,42,0.0,0.0,False,False,分类哑变量,keep,QEA0,变量: QEA0 - 离婚,"0=否, 1=是",,,特征工程衍生,
60-74岁年轻老年人,age_60_74_self,RandomForest,0.9901477832512315,QN418,1,0.19915913151721024,19.92,True,True,CES-D抑郁症状,keep,QN418,我感到悲伤难过,1.几乎没有（不到一天） 2.有些时候（1-2天） 3.经常有（3-4天） 4.大多数时候有（5-7天）,Q 部分：行为与精神状态,我感到悲伤难过,原始数据,
60-74岁年轻老年人,age_60_74_self,RandomForest,0.9901477832512315,QN420,2,0.14650247373375694,14.65,True,True,CES-D抑郁症状,keep,QN420,我觉得生活无法继续,1.几乎没有（不到一天） 2.有些时候（1-2天） 3.经常有（3-4天） 4.大多数时候有（5-7天）,Q 部分：行为与精神状态,我觉得生活无法继续,原始数据,
60-74岁年轻老年人,age_60_74_self,RandomForest,0.9901477832512315,QN407,3,0.1094762704531058,10.95,True,True,CES-D抑郁症状,keep,QN407,我觉得做任何事都很费劲,1.几乎没有（不到一天） 2.有些时候（1-2天） 3.经常有（3-4天） 4.大多数时候有（5-7天）,Q 部分：行为与精神状态,我觉得做任何事都很费劲,原始数据,
60-74岁年轻老年人,age_60_74_self,RandomForest,0.9901477832512315,QN414,4,0.1031440291951265,10.31,True,True,CES-D抑郁症状,keep,QN414,我感到孤独,1.几乎没有（不到一天） 2.有些时候（1-2天） 3.经常有（3-4天） 4.大多数时候有（5-7天）,Q 部分：行为与精神状态,我感到孤独,原始数据,
60-74岁年轻老年人,age_60_74_self,RandomForest,0.9901477832512315,QN406,5,0.08503224709167545,8.5,True,True,CES-D抑郁症状,keep,QN406,我感到情绪低落,1.几乎没有（不到一天） 2.有些时候（1-2天） 3.经常有（3-4天） 4.大多数时候有（5-7天）,Q 部分：行为与精神状态,我感到情绪低落,原始数据,
60-74岁年轻老年人,age_60_74_self,RandomForest,0.9901477832512315,QN416,6,0.07405844926155065,7.41,True,True,CES-D抑郁症状,reverse,QN416,我生活快乐,1.几乎没有（不到一天） 2.有些时候（1-2天） 3.经常有（3-4天） 4.大多数时候有（5-7天）（反向编码：1=高风险）,Q 部分：行为与精神状态,我生活快乐,原始数据,
60-74岁年轻老年人,age_60_74_self,RandomForest,0.9901477832512315,QN411,7,0.06974505329530291,6.97,True,True,CES-D抑郁症状,keep,QN411,我的睡眠不好,1.几乎没有（不到一天） 2.有些时候（1-2天） 3.经常有（3-4天） 4.大多数时候有（5-7天）,Q 部分：行为与精神状态,我的睡眠不好,原始数据,
60-74岁年轻老年人,age_60_74_self,RandomForest,0.9901477832512315,QN412,8,0.05820800048619748,5.82,True,True,CES-D抑郁症状,reverse,QN412,我感到愉快,1.几乎没有（不到一天） 2.有些时候（1-2天） 3.经常有（3-4天） 4.大多数时候有（5-7天）（反向编码：1=高风险）,Q 部分：行为与精神状态,我感到愉快,原始数据,
60-74岁年轻老年人,age_60_74_self,RandomForest,0.9901477832512315,QM2016,9,0.017329593646550602,1.73,True,False,其他变量,reverse,QM2016,幸福感评分,0–10分（0=最低，10=最高）（反向编码：1=高风险）,M 部分：主观态度,幸福感评分,原始数据,
60-74岁年轻老年人,age_60_74_self,RandomForest,0.9901477832512315,QM3N,10,0.01686203949875088,1.69,True,False,其他变量,reverse,QM3N,生活意义评分,0–10分（0=非常没有意义，10=非常有意义）（反向编码：1=高风险）,M 部分：主观态度,生活意义评分,原始数据,
60-74岁年轻老年人,age_60_74_self,RandomForest,0.9901477832512315,QP301,11,0.013955966316359885,1.4,False,False,健康相关,keep,QP301,过去两周身体是否不适,1.是 5.否,P 部分：健康,过去两周身体是否不适,原始数据,
60-74岁年轻老年人,age_60_74_self,RandomForest,0.9901477832512315,QP201,12,0.012906243866778024,1.29,False,False,健康相关,keep,QP201,健康状况,1.非常健康 2.很健康 3.比较健康 4.一般 5.不健康,P 部分：健康,健康状况,原始数据,
60-74岁年轻老年人,age_60_74_self,RandomForest,0.9901477832512315,QN12012,13,0.011798052213890797,1.18,True,False,其他变量,reverse,QN12012,对自己生活满意度,1–5分（1=很不满意，5=非常满意）（反向编码：1=高风险）,M 部分：主观态度,对自己生活满意度,原始数据,
60-74岁年轻老年人,age_60_74_self,RandomForest,0.9901477832512315,AGE,14,0.01019472809159497,1.02,True,False,基础变量,special,AGE,年龄,0–120,G 部分：亲子互动,年龄,原始数据,
60-74岁年轻老年人,age_60_74_self,RandomForest,0.9901477832512315,QQ501,15,0.008930286219208576,0.89,False,False,健康相关,reverse,QQ501,记事能力,1.只能记住一点点 2.只能记住少数 3.能记住一半 4.能记住多数 5.完全能记住（反向编码：1=高风险）,Q 部分：行为与精神状态,记事能力,原始数据,
60-74岁年轻老年人,age_60_74_self,RandomForest,0.9901477832512315,QN8011,16,0.0063016426634063755,0.63,False,False,其他变量,reverse,QN8011,收入在本地位置评分,1–5分（1=很低，5=很高） 79=不适用（反向编码：1=高风险）,M 部分：主观态度,收入在本地位置评分,原始数据,
60-74岁年轻老年人,age_60_74_self,RandomForest,0.9901477832512315,QP202,17,0.0059036606719910355,0.59,False,False,健康相关,keep,QP202,健康变化情况,1.更好 3.没有变化 5.更差,P 部分：健康,健康变化情况,原始数据,
60-74岁年轻老年人,age_60_74_self,RandomForest,0.9901477832512315,QN8012,18,0.005362795311494367,0.54,False,False,其他变量,reverse,QN8012,社会地位评分,1–5分（1=很低，5=很高）（反向编码：1=高风险）,M 部分：主观态度,社会地位评分,原始数据,
60-74岁年轻老年人,age_60_74_self,RandomForest,0.9901477832512315,QP401,19,0.004347558269740927,0.43,False,False,健康相关,keep,QP401,半年内是否有慢性疾病,1.是 5.否,P 部分：健康,半年内是否有慢性疾病,原始数据,
60-74岁年轻老年人,age_60_74_self,RandomForest,0.9901477832512315,QA301_cat_1,20,0.0031004880923596514,0.31,False,False,分类哑变量,keep,QA301,变量: QA301 - 农业户口,"0=否, 1=是",,,特征工程衍生,
60-74岁年轻老年人,age_60_74_self,RandomForest,0.9901477832512315,QQ1014,21,0.002750355785947064,0.28,False,False,健康相关,reverse,QQ1014,是否能独立使用公共交通,1.是 5.否（反向编码：1=高风险）,X 部分：认知与身体测试,是否能独立使用公共交通,原始数据,
60-74岁年轻老年人,age_60_74_self,RandomForest,0.9901477832512315,QA301_cat_3,22,0.0025222196608013217,0.25,False,False,分类哑变量,keep,QA301,变量: QA301 - 非农户口,"0=否, 1=是",,,特征工程衍生,
60-74岁年轻老年人,age_60_74_self,RandomForest,0.9901477832512315,is_male,23,0.002516065714831389,0.25,True,False,基础变量,keep,is_male,是否为男性,请根据实际情况输入,,,特征工程衍生,⚠️ 警告：is_male在原始数据中不存在，为特征工程衍生变量
60-74岁年轻老年人,age_60_74_self,RandomForest,0.9901477832512315,QQ1015,24,0.0024744138212211895,0.25,False,False,健康相关,reverse,QQ1015,是否能独立购物,1.是 5.否（反向编码：1=高风险）,X 部分：认知与身体测试,是否能独立购物,原始数据,
60-74岁年轻老年人,age_60_74_self,RandomForest,0.9901477832512315,QC401,25,0.0023796706984311926,0.24,False,False,其他变量,keep,QC401,过去12个月是否因病住院,1.是 5.否,P 部分：健康,过去12个月是否因病住院,原始数据,
60-74岁年轻老年人,age_60_74_self,RandomForest,0.9901477832512315,QP801N,26,0.002305922063490756,0.23,False,False,健康相关,reverse,QP801N,是否吃肉,1.是 5.否（反向编码：1=高风险）,P 部分：健康,是否吃肉,原始数据,
60-74岁年轻老年人,age_60_74_self,RandomForest,0.9901477832512315,QEA0_cat_2,27,0.002234811091450002,0.22,False,False,分类哑变量,keep,QEA0,变量: QEA0 - 已婚,"0=否, 1=是",,,特征工程衍生,
60-74岁年轻老年人,age_60_74_self,RandomForest,0.9901477832512315,sleep_normal,28,0.002217427783346221,0.22,True,False,睡眠衍生变量 (来源:QQ4010),keep,睡眠时长(QQ4010),睡眠时长是否正常 (基于QQ4010计算),"0=否, 1=是",,,特征工程衍生,
60-74岁年轻老年人,age_60_74_self,RandomForest,0.9901477832512315,QQ1011,29,0.002212236269035711,0.22,False,False,健康相关,reverse,QQ1011,是否能独立去户外活动,1.是 5.否（反向编码：1=高风险）,X 部分：认知与身体测试,是否能独立去户外活动,原始数据,
60-74岁年轻老年人,age_60_74_self,RandomForest,0.9901477832512315,sleep_abnormal,30,0.002008214937576783,0.2,True,False,睡眠衍生变量 (来源:QQ4010),keep,sleep,睡眠时长是否异常 (基于QQ4010计算),"0=否, 1=是",,,特征工程衍生,
60-74岁年轻老年人,age_60_74_self,RandomForest,0.9901477832512315,QEA0_cat_5,31,0.002006649091657227,0.2,False,False,分类哑变量,keep,QEA0,变量: QEA0 - 丧偶,"0=否, 1=是",,,特征工程衍生,
60-74岁年轻老年人,age_60_74_self,RandomForest,0.9901477832512315,QQ201,32,0.0019403557243297365,0.19,False,False,健康相关,keep,QQ201,是否吸烟,1.是 5.否,Q 部分：行为与精神状态,是否吸烟,原始数据,
60-74岁年轻老年人,age_60_74_self,RandomForest,0.9901477832512315,QA301_cat_7,33,0.0016718076973183651,0.17,False,False,分类哑变量,keep,QA301,变量: QA301 - 居民户口,"0=否, 1=是",,,特征工程衍生,
60-74岁年轻老年人,age_60_74_self,RandomForest,0.9901477832512315,QP701N_abnormal,34,0.0015552689811368305,0.16,False,False,健康相关,keep,QP701N,变量: QP701N - 异常值,"0=否, 1=是",,,特征工程衍生,
60-74岁年轻老年人,age_60_74_self,RandomForest,0.9901477832512315,QQ301,35,0.0015329401629444418,0.15,False,False,健康相关,keep,QQ301,过去一月每周喝酒过3次吗,1.是 5.否,Q 部分：行为与精神状态,过去一月每周喝酒过3次吗,原始数据,
60-74岁年轻老年人,age_60_74_self,RandomForest,0.9901477832512315,QQ1016,36,0.0010045148631616873,0.1,False,False,健康相关,reverse,QQ1016,是否能独立清洁卫生,1.是 5.否（反向编码：1=高风险）,X 部分：认知与身体测试,是否能独立清洁卫生,原始数据,
60-74岁年轻老年人,age_60_74_self,RandomForest,0.9901477832512315,QQ1017,37,0.000917176542196902,0.09,False,False,健康相关,reverse,QQ1017,是否能独立洗衣,1.是 5.否（反向编码：1=高风险）,X 部分：认知与身体测试,是否能独立洗衣,原始数据,
60-74岁年轻老年人,age_60_74_self,RandomForest,0.9901477832512315,QN4003,38,0.0008608641953426448,0.09,False,False,其他变量,reverse,QN4003,是否是工会成员,1.是 5.否（反向编码：1=高风险）,N 部分：法律与政治,是否是工会成员,原始数据,
60-74岁年轻老年人,age_60_74_self,RandomForest,0.9901477832512315,QQ1013,39,0.0008521024185831417,0.09,False,False,健康相关,reverse,QQ1013,是否能独立进行厨房活动,1.是 5.否（反向编码：1=高风险）,X 部分：认知与身体测试,是否能独立进行厨房活动,原始数据,
60-74岁年轻老年人,age_60_74_self,RandomForest,0.9901477832512315,QP802N,40,0.0007924074048082362,0.08,False,False,健康相关,reverse,QP802N,是否吃新鲜蔬菜或水果,1.是 5.否（反向编码：1=高风险）,P 部分：健康,是否吃新鲜蔬菜或水果,原始数据,
60-74岁年轻老年人,age_60_74_self,RandomForest,0.9901477832512315,QQ1012,41,0.000547938463796225,0.05,False,False,健康相关,reverse,QQ1012,是否能独立进餐,1.是 5.否（反向编码：1=高风险）,X 部分：认知与身体测试,是否能独立进餐,原始数据,
60-74岁年轻老年人,age_60_74_self,RandomForest,0.9901477832512315,QEA0_cat_4,42,0.00037792673254086494,0.04,False,False,分类哑变量,keep,QEA0,变量: QEA0 - 离婚,"0=否, 1=是",,,特征工程衍生,
7-12岁小学期,age_7_12_proxy,LightGBM,0.7747561336092227,WF601MN,1,110.0,11000.0,False,False,其他变量,reverse,WF601MN,放弃看电视频率,1.从不 2.很少（每月1次） 3.偶尔（每周1次） 4.经常（每周2-4次） 5.很经常（每周5-7次）（反向编码：1=高风险）,F 部分：上学,放弃看电视频率,原始数据,
7-12岁小学期,age_7_12_proxy,LightGBM,0.7747561336092227,WA10,2,93.0,9300.0,False,False,其他变量,reverse,WA10,是否要求孩子承担家务,1.是 5.否（反向编码：1=高风险）,B 部分：日常生活,是否要求孩子承担家务,原始数据,
7-12岁小学期,age_7_12_proxy,LightGBM,0.7747561336092227,WF701,3,68.0,6800.0,True,False,其他变量,keep,WF701,期望成绩（分）,7.0–100分 -7=不适用,F 部分：上学,期望成绩（分）,原始数据,
7-12岁小学期,age_7_12_proxy,LightGBM,0.7747561336092227,WD503R,4,68.0,6800.0,False,False,其他变量,keep,WD503R,课外辅导费（元/年）,"0–5,000,000元",T 部分：课外辅导,课外辅导费（元/年）,原始数据,
7-12岁小学期,age_7_12_proxy,LightGBM,0.7747561336092227,WC5,5,39.0,3900.0,False,False,其他变量,keep,WC5,上几年级,1–10年级,F 部分：上学,上几年级,原始数据,
7-12岁小学期,age_7_12_proxy,LightGBM,0.7747561336092227,WF502,6,35.0,3500.0,True,False,其他变量,keep,WF502,数学成绩如何,1.优 2.良 3.中 4.差,F 部分：上学,数学成绩如何,原始数据,
7-12岁小学期,age_7_12_proxy,LightGBM,0.7747561336092227,WF607_abnormal,7,31.0,3100.0,False,False,异常指示器,keep,WF607,变量: WF607 - 异常值,"0=否, 1=是",,,特征工程衍生,
7-12岁小学期,age_7_12_proxy,LightGBM,0.7747561336092227,WC3N,8,28.0,2800.0,False,False,其他变量,keep,WC3N,生病如何处理,1.立刻找医生看病 2.自己找药/买药 3.民间方法治疗 4.去求神拜佛或做法事 5.不采取任何措施 77.其他（请注明）,C 部分：健康,生病如何处理,原始数据,
7-12岁小学期,age_7_12_proxy,LightGBM,0.7747561336092227,WA301_cat_1,9,24.0,2400.0,False,False,分类哑变量,keep,WA301,变量: WA301 - 农业户口,"0=否, 1=是",,,特征工程衍生,
7-12岁小学期,age_7_12_proxy,LightGBM,0.7747561336092227,WS604,10,20.0,2000.0,False,False,其他变量,keep,WS604,是否在重点班,1.是重点班 3.不是重点班 5.就读学校没有区分重点班和非重点班,F 部分：上学,是否在重点班,原始数据,
7-12岁小学期,age_7_12_proxy,LightGBM,0.7747561336092227,WS1102_cat_3,11,20.0,2000.0,False,False,分类哑变量,keep,WS1102,变量: WS1102 - 类别3,"0=否, 1=是",,,特征工程衍生,
7-12岁小学期,age_7_12_proxy,LightGBM,0.7747561336092227,WF501,12,19.0,1900.0,True,False,其他变量,keep,WF501,语文成绩如何,1.优 2.良 3.中 4.差,F 部分：上学,语文成绩如何,原始数据,
7-12岁小学期,age_7_12_proxy,LightGBM,0.7747561336092227,WT2,13,18.0,1800.0,False,False,其他变量,keep,WT2,是否参加学校辅导,1.是 5.否,T 部分：课外辅导,是否参加学校辅导,原始数据,
7-12岁小学期,age_7_12_proxy,LightGBM,0.7747561336092227,WT4,14,13.0,1300.0,False,False,其他变量,reverse,WT4,是否参加才艺培养,1.是 5.否（反向编码：1=高风险）,T 部分：课外辅导,是否参加才艺培养,原始数据,
7-12岁小学期,age_7_12_proxy,LightGBM,0.7747561336092227,WS1102_cat_1,15,13.0,1300.0,False,False,分类哑变量,keep,WS1102,变量: WS1102 - 类别1,"0=否, 1=是",,,特征工程衍生,
7-12岁小学期,age_7_12_proxy,LightGBM,0.7747561336092227,WA301_cat_3,16,11.0,1100.0,False,False,分类哑变量,keep,WA301,变量: WA301 - 非农户口,"0=否, 1=是",,,特征工程衍生,
7-12岁小学期,age_7_12_proxy,LightGBM,0.7747561336092227,AGE,17,10.0,1000.0,True,False,基础变量,special,AGE,年龄,0–120,G 部分：亲子互动,年龄,原始数据,
7-12岁小学期,age_7_12_proxy,LightGBM,0.7747561336092227,is_male,18,10.0,1000.0,True,False,基础变量,keep,is_male,是否为男性,请根据实际情况输入,,,特征工程衍生,⚠️ 警告：is_male在原始数据中不存在，为特征工程衍生变量
7-12岁小学期,age_7_12_proxy,LightGBM,0.7747561336092227,WS601,19,9.0,900.0,False,False,其他变量,reverse,WS601,是否公立学校,1.是 5.否（反向编码：1=高风险）,F 部分：上学,是否公立学校,原始数据,
7-12岁小学期,age_7_12_proxy,LightGBM,0.7747561336092227,WA301_cat_7,20,9.0,900.0,False,False,分类哑变量,keep,WA301,变量: WA301 - 居民户口,"0=否, 1=是",,,特征工程衍生,
7-12岁小学期,age_7_12_proxy,LightGBM,0.7747561336092227,WS1103_abnormal,21,9.0,900.0,False,False,异常指示器,keep,WS1103,变量: WS1103 - 异常值,"0=否, 1=是",,,特征工程衍生,
7-12岁小学期,age_7_12_proxy,LightGBM,0.7747561336092227,WC0,22,6.0,600.0,False,False,其他变量,keep,WC0,过去一月是否生病,1.是 5.否,C 部分：健康,过去一月是否生病,原始数据,
7-12岁小学期,age_7_12_proxy,LightGBM,0.7747561336092227,WS602,23,5.0,500.0,False,False,其他变量,reverse,WS602,是否示范/重点学校,1.是 5.否（反向编码：1=高风险）,F 部分：上学,是否示范/重点学校,原始数据,
7-12岁小学期,age_7_12_proxy,LightGBM,0.7747561336092227,WT1,24,3.0,300.0,False,False,其他变量,keep,WT1,是否参加辅导班,1.是 5.否,T 部分：课外辅导,是否参加辅导班,原始数据,
7-12岁小学期,age_7_12_proxy,LightGBM,0.7747561336092227,WU1,25,3.0,300.0,False,False,其他变量,reverse,WU1,是否使用电子设备,1.是 5.否（反向编码：1=高风险）,U 部分：电子设备使用,是否使用电子设备,原始数据,
7-12岁小学期,age_7_12_proxy,LightGBM,0.7747561336092227,WS1102_cat_4,26,2.0,200.0,False,False,分类哑变量,keep,WS1102,变量: WS1102 - 类别4,"0=否, 1=是",,,特征工程衍生,
7-12岁小学期,age_7_12_proxy,LightGBM,0.7747561336092227,WC1,27,0.0,0.0,False,False,其他变量,reverse,WC1,现在在上学吗,1.是 5.否（反向编码：1=高风险）,C 部分：上学确认,现在在上学吗,原始数据,
7-12岁小学期,age_7_12_proxy,LightGBM,0.7747561336092227,WC3,28,0.0,0.0,False,False,其他变量,special,WC3,现在上哪个阶段,1.托儿所 2.幼儿园/学前班 3.小学 4.初中 5.高中/中专/技校/职高 6.大专 7.大学本科 8.硕士 9.博士,C 部分：上学确认,现在上哪个阶段,原始数据,
7-12岁小学期,age_7_12_proxy,LightGBM,0.7747561336092227,WT3,29,0.0,0.0,False,False,其他变量,keep,WT3,是否参加竞赛辅导,1.是 5.否,T 部分：课外辅导,是否参加竞赛辅导,原始数据,
7-12岁小学期,age_7_12_proxy,LightGBM,0.7747561336092227,WT5,30,0.0,0.0,False,False,其他变量,reverse,WT5,是否参加心智开发,1.是 5.否（反向编码：1=高风险）,T 部分：课外辅导,是否参加心智开发,原始数据,
7-12岁小学期,age_7_12_proxy,LightGBM,0.7747561336092227,WT7,31,0.0,0.0,False,False,其他变量,keep,WT7,是否参加其他辅导班,1.是 5.否,T 部分：课外辅导,是否参加其他辅导班,原始数据,
75岁+高龄老年人,age_75plus_self,Ensemble,0.7293040293040293,QM3N,1,48.20048674628683,4820.05,True,False,其他变量,reverse,QM3N,生活意义评分,0–10分（0=非常没有意义，10=非常有意义）（反向编码：1=高风险）,M 部分：主观态度,生活意义评分,原始数据,
75岁+高龄老年人,age_75plus_self,Ensemble,0.7293040293040293,AGE,2,36.054635123025825,3605.46,True,False,基础变量,special,AGE,年龄,0–120,G 部分：亲子互动,年龄,原始数据,
75岁+高龄老年人,age_75plus_self,Ensemble,0.7293040293040293,QP201,3,22.069324272610228,2206.93,True,False,健康相关,keep,QP201,健康状况,1.非常健康 2.很健康 3.比较健康 4.一般 5.不健康,P 部分：健康,健康状况,原始数据,
75岁+高龄老年人,age_75plus_self,Ensemble,0.7293040293040293,sleep_abnormal,4,12.020143177126,1202.01,True,False,睡眠衍生变量 (来源:QQ4010),keep,sleep,睡眠时长是否异常 (基于QQ4010计算),"0=否, 1=是",,,特征工程衍生,
75岁+高龄老年人,age_75plus_self,Ensemble,0.7293040293040293,adl_difficulty,5,10.348459941178957,1034.85,True,False,日常生活能力指标 (QQ1015+QQ1016+QQ1017),keep,"QQ1015,QQ1016,QQ1017",日常生活能力困难指数,"0=否, 1=是",,,特征工程衍生,✅ 综合衍生变量，由多个原始变量计算
75岁+高龄老年人,age_75plus_self,Ensemble,0.7293040293040293,sleep_normal,6,8.688600994619348,868.86,True,False,睡眠衍生变量 (来源:QQ4010),keep,睡眠时长(QQ4010),睡眠时长是否正常 (基于QQ4010计算),"0=否, 1=是",,,特征工程衍生,
75岁+高龄老年人,age_75plus_self,Ensemble,0.7293040293040293,QA301_cat_1,7,7.023902589549215,702.39,False,False,分类哑变量,keep,QA301,变量: QA301 - 农业户口,"0=否, 1=是",,,特征工程衍生,
75岁+高龄老年人,age_75plus_self,Ensemble,0.7293040293040293,QQ1011,8,6.693163962183015,669.32,False,False,健康相关,reverse,QQ1011,是否能独立去户外活动,1.是 5.否（反向编码：1=高风险）,X 部分：认知与身体测试,是否能独立去户外活动,原始数据,
75岁+高龄老年人,age_75plus_self,Ensemble,0.7293040293040293,QQ1015,9,6.686328147756117,668.63,True,False,健康相关,reverse,QQ1015,是否能独立购物,1.是 5.否（反向编码：1=高风险）,X 部分：认知与身体测试,是否能独立购物,原始数据,
75岁+高龄老年人,age_75plus_self,Ensemble,0.7293040293040293,QQ1013,10,5.362835387085102,536.28,False,False,健康相关,reverse,QQ1013,是否能独立进行厨房活动,1.是 5.否（反向编码：1=高风险）,X 部分：认知与身体测试,是否能独立进行厨房活动,原始数据,
75岁+高龄老年人,age_75plus_self,Ensemble,0.7293040293040293,QQ1014,11,5.025768893480253,502.58,False,False,健康相关,reverse,QQ1014,是否能独立使用公共交通,1.是 5.否（反向编码：1=高风险）,X 部分：认知与身体测试,是否能独立使用公共交通,原始数据,
75岁+高龄老年人,age_75plus_self,Ensemble,0.7293040293040293,QQ401,12,4.011345096275914,401.13,True,False,健康相关,reverse,QQ401,是否有午睡习惯,1.有 5.没有（反向编码：1=高风险）,Q 部分：行为与精神状态,是否有午睡习惯,原始数据,
75岁+高龄老年人,age_75plus_self,Ensemble,0.7293040293040293,is_male,13,3.6876856881580315,368.77,True,False,基础变量,keep,is_male,是否为男性,请根据实际情况输入,,,特征工程衍生,⚠️ 警告：is_male在原始数据中不存在，为特征工程衍生变量
75岁+高龄老年人,age_75plus_self,Ensemble,0.7293040293040293,QA301_cat_7,14,3.3701003892133277,337.01,False,False,分类哑变量,keep,QA301,变量: QA301 - 居民户口,"0=否, 1=是",,,特征工程衍生,
75岁+高龄老年人,age_75plus_self,Ensemble,0.7293040293040293,QQ1017,15,3.03398483554059,303.4,False,False,健康相关,reverse,QQ1017,是否能独立洗衣,1.是 5.否（反向编码：1=高风险）,X 部分：认知与身体测试,是否能独立洗衣,原始数据,
75岁+高龄老年人,age_75plus_self,Ensemble,0.7293040293040293,QA301_cat_3,16,2.0262424674439234,202.62,False,False,分类哑变量,keep,QA301,变量: QA301 - 非农户口,"0=否, 1=是",,,特征工程衍生,
75岁+高龄老年人,age_75plus_self,Ensemble,0.7293040293040293,age_85plus,17,0.33739186690539813,33.74,False,False,年龄分段变量,keep,age_85plus,是否85岁以上,"0=否, 1=是",,,特征工程衍生,
75岁+高龄老年人,age_75plus_self,Ensemble,0.7293040293040293,QQ1016,18,0.01755835157815731,1.76,False,False,健康相关,reverse,QQ1016,是否能独立清洁卫生,1.是 5.否（反向编码：1=高风险）,X 部分：认知与身体测试,是否能独立清洁卫生,原始数据,
75岁+高龄老年人,age_75plus_self,Ensemble,0.7293040293040293,age_80plus,19,0.005387618274813418,0.54,False,False,年龄分段变量,keep,age_80plus,是否80岁以上,"0=否, 1=是",,,特征工程衍生,
75岁+高龄老年人,age_75plus_self,Ensemble,0.7293040293040293,age_90plus,20,0.0018920938436625546,0.19,False,False,年龄分段变量,keep,age_90plus,是否90岁以上,"0=否, 1=是",,,特征工程衍生,
75岁+高龄老年人,age_75plus_self,Ensemble,0.7293040293040293,QQ1012,21,0.001429048746349984,0.14,False,False,健康相关,reverse,QQ1012,是否能独立进餐,1.是 5.否（反向编码：1=高风险）,X 部分：认知与身体测试,是否能独立进餐,原始数据,
